Bulan,Tahun,Tanggal,Kurs,terbesar sejak?,21-Aug-2025
5,2019,29 May 2019,"Rp14,417.00",-,-14417
5,2019,31 May 2019,"Rp14,385.00",-,-14385
6,2019,10 June 2019,"Rp14,231.00",-,-14231
6,2019,11 June 2019,"Rp14,258.00",10 June 2019,-14258
6,2019,12 June 2019,"Rp14,234.00",10 June 2019,-14234
6,2019,13 June 2019,"Rp14,270.00",12 June 2019,-14270
6,2019,14 June 2019,"Rp14,304.00",13 June 2019,-14304
6,2019,17 June 2019,"Rp14,346.00",14 June 2019,-14346
6,2019,18 June 2019,"Rp14,334.00",14 June 2019,-14334
6,2019,19 June 2019,"Rp14,271.00",13 June 2019,-14271
6,2019,20 June 2019,"Rp14,236.00",12 June 2019,-14236
6,2019,21 June 2019,"Rp14,116.00",-,-14116
6,2019,24 June 2019,"Rp14,165.00",21 June 2019,-14165
6,2019,25 June 2019,"Rp14,138.00",21 June 2019,-14138
6,2019,26 June 2019,"Rp14,174.00",25 June 2019,-14174
6,2019,27 June 2019,"Rp14,180.00",26 June 2019,-14180
6,2019,28 June 2019,"Rp14,141.00",25 June 2019,-14141
7,2019,01 July 2019,"Rp14,117.00",21 June 2019,-14117
7,2019,02 July 2019,"Rp14,140.00",01 July 2019,-14140
7,2019,03 July 2019,"Rp14,160.00",02 July 2019,-14160
7,2019,04 July 2019,"Rp14,106.00",-,-14106
7,2019,05 July 2019,"Rp14,148.00",04 July 2019,-14148
7,2019,08 July 2019,"Rp14,147.00",04 July 2019,-14147
7,2019,09 July 2019,"Rp14,129.00",04 July 2019,-14129
7,2019,10 July 2019,"Rp14,152.00",09 July 2019,-14152
7,2019,11 July 2019,"Rp14,089.00",-,-14089
7,2019,12 July 2019,"Rp14,085.00",-,-14085
7,2019,15 July 2019,"Rp13,970.00",-,-13970
7,2019,16 July 2019,"Rp13,925.00",-,-13925
7,2019,17 July 2019,"Rp13,949.00",16 July 2019,-13949
7,2019,18 July 2019,"Rp13,976.00",17 July 2019,-13976
7,2019,19 July 2019,"Rp13,913.00",-,-13913
7,2019,22 July 2019,"Rp13,963.00",19 July 2019,-13963
7,2019,23 July 2019,"Rp13,973.00",22 July 2019,-13973
7,2019,24 July 2019,"Rp14,011.00",23 July 2019,-14011
7,2019,25 July 2019,"Rp13,986.00",23 July 2019,-13986
7,2019,26 July 2019,"Rp14,001.00",25 July 2019,-14001
7,2019,29 July 2019,"Rp14,010.00",26 July 2019,-14010
7,2019,30 July 2019,"Rp14,034.00",29 July 2019,-14034
7,2019,31 July 2019,"Rp14,026.00",29 July 2019,-14026
8,2019,01 August 2019,"Rp14,098.00",31 July 2019,-14098
8,2019,02 August 2019,"Rp14,203.00",01 August 2019,-14203
8,2019,05 August 2019,"Rp14,231.00",02 August 2019,-14231
8,2019,06 August 2019,"Rp14,344.00",05 August 2019,-14344
8,2019,07 August 2019,"Rp14,275.00",05 August 2019,-14275
8,2019,08 August 2019,"Rp14,231.00",02 August 2019,-14231
8,2019,09 August 2019,"Rp14,195.00",01 August 2019,-14195
8,2019,12 August 2019,"Rp14,220.00",09 August 2019,-14220
8,2019,13 August 2019,"Rp14,283.00",12 August 2019,-14283
8,2019,14 August 2019,"Rp14,234.00",12 August 2019,-14234
8,2019,15 August 2019,"Rp14,296.00",14 August 2019,-14296
8,2019,16 August 2019,"Rp14,258.00",14 August 2019,-14258
8,2019,19 August 2019,"Rp14,203.00",09 August 2019,-14203
8,2019,20 August 2019,"Rp14,262.00",19 August 2019,-14262
8,2019,21 August 2019,"Rp14,259.00",19 August 2019,-14259
8,2019,22 August 2019,"Rp14,234.00",19 August 2019,-14234
8,2019,23 August 2019,"Rp14,249.00",22 August 2019,-14249
8,2019,26 August 2019,"Rp14,261.00",23 August 2019,-14261
8,2019,27 August 2019,"Rp14,235.00",22 August 2019,-14235
8,2019,28 August 2019,"Rp14,263.00",27 August 2019,-14263
8,2019,29 August 2019,"Rp14,254.00",27 August 2019,-14254
8,2019,30 August 2019,"Rp14,237.00",27 August 2019,-14237
9,2019,02 September 2019,"Rp14,190.00",01 August 2019,-14190
9,2019,03 September 2019,"Rp14,217.00",02 September 2019,-14217
9,2019,04 September 2019,"Rp14,218.00",03 September 2019,-14218
9,2019,05 September 2019,"Rp14,153.00",01 August 2019,-14153
9,2019,06 September 2019,"Rp14,140.00",01 August 2019,-14140
9,2019,09 September 2019,"Rp14,092.00",31 July 2019,-14092
9,2019,10 September 2019,"Rp14,031.00",31 July 2019,-14031
9,2019,11 September 2019,"Rp14,063.00",10 September 2019,-14063
9,2019,12 September 2019,"Rp14,052.00",10 September 2019,-14052
9,2019,13 September 2019,"Rp13,950.00",19 July 2019,-13950
9,2019,16 September 2019,"Rp14,020.00",13 September 2019,-14020
9,2019,17 September 2019,"Rp14,100.00",16 September 2019,-14100
9,2019,18 September 2019,"Rp14,080.00",16 September 2019,-14080
9,2019,19 September 2019,"Rp14,099.00",18 September 2019,-14099
9,2019,20 September 2019,"Rp14,085.00",18 September 2019,-14085
9,2019,23 September 2019,"Rp14,077.00",16 September 2019,-14077
9,2019,24 September 2019,"Rp14,099.00",23 September 2019,-14099
9,2019,25 September 2019,"Rp14,134.00",24 September 2019,-14134
9,2019,26 September 2019,"Rp14,162.00",25 September 2019,-14162
9,2019,27 September 2019,"Rp14,197.00",26 September 2019,-14197
9,2019,30 September 2019,"Rp14,174.00",26 September 2019,-14174
10,2019,01 October 2019,"Rp14,196.00",30 September 2019,-14196
10,2019,02 October 2019,"Rp14,207.00",01 October 2019,-14207
10,2019,03 October 2019,"Rp14,193.00",30 September 2019,-14193
10,2019,04 October 2019,"Rp14,135.00",25 September 2019,-14135
10,2019,07 October 2019,"Rp14,156.00",04 October 2019,-14156
10,2019,08 October 2019,"Rp14,170.00",07 October 2019,-14170
10,2019,09 October 2019,"Rp14,182.00",08 October 2019,-14182
10,2019,10 October 2019,"Rp14,157.00",07 October 2019,-14157
10,2019,11 October 2019,"Rp14,139.00",04 October 2019,-14139
10,2019,14 October 2019,"Rp14,126.00",24 September 2019,-14126
10,2019,15 October 2019,"Rp14,140.00",14 October 2019,-14140
10,2019,16 October 2019,"Rp14,187.00",15 October 2019,-14187
10,2019,17 October 2019,"Rp14,172.00",15 October 2019,-14172
10,2019,18 October 2019,"Rp14,140.00",14 October 2019,-14140
10,2019,21 October 2019,"Rp14,132.00",14 October 2019,-14132
10,2019,22 October 2019,"Rp14,058.00",16 September 2019,-14058
10,2019,23 October 2019,"Rp14,051.00",16 September 2019,-14051
10,2019,24 October 2019,"Rp13,996.00",13 September 2019,-13996
10,2019,25 October 2019,"Rp14,064.00",24 October 2019,-14064
10,2019,28 October 2019,"Rp14,023.00",24 October 2019,-14023
10,2019,29 October 2019,"Rp14,028.00",28 October 2019,-14028
10,2019,30 October 2019,"Rp14,044.00",29 October 2019,-14044
10,2019,31 October 2019,"Rp14,008.00",24 October 2019,-14008
11,2019,01 November 2019,"Rp14,066.00",31 October 2019,-14066
11,2019,04 November 2019,"Rp14,002.00",24 October 2019,-14002
11,2019,05 November 2019,"Rp14,031.00",04 November 2019,-14031
11,2019,06 November 2019,"Rp13,992.00",13 September 2019,-13992
11,2019,07 November 2019,"Rp14,040.00",06 November 2019,-14040
11,2019,08 November 2019,"Rp14,020.00",06 November 2019,-14020
11,2019,11 November 2019,"Rp14,040.00",08 November 2019,-14040
11,2019,12 November 2019,"Rp14,059.00",11 November 2019,-14059
11,2019,13 November 2019,"Rp14,082.00",12 November 2019,-14082
11,2019,14 November 2019,"Rp14,098.00",13 November 2019,-14098
11,2019,15 November 2019,"Rp14,069.00",12 November 2019,-14069
11,2019,18 November 2019,"Rp14,075.00",15 November 2019,-14075
11,2019,19 November 2019,"Rp14,091.00",18 November 2019,-14091
11,2019,20 November 2019,"Rp14,097.00",19 November 2019,-14097
11,2019,21 November 2019,"Rp14,112.00",20 November 2019,-14112
11,2019,22 November 2019,"Rp14,100.00",20 November 2019,-14100
11,2019,25 November 2019,"Rp14,091.00",18 November 2019,-14091
11,2019,26 November 2019,"Rp14,081.00",18 November 2019,-14081
11,2019,27 November 2019,"Rp14,096.00",26 November 2019,-14096
11,2019,28 November 2019,"Rp14,099.00",27 November 2019,-14099
11,2019,29 November 2019,"Rp14,102.00",28 November 2019,-14102
12,2019,02 December 2019,"Rp14,122.00",29 November 2019,-14122
12,2019,03 December 2019,"Rp14,130.00",02 December 2019,-14130
12,2019,04 December 2019,"Rp14,125.00",02 December 2019,-14125
12,2019,05 December 2019,"Rp14,094.00",26 November 2019,-14094
12,2019,06 December 2019,"Rp14,037.00",08 November 2019,-14037
12,2019,09 December 2019,"Rp14,021.00",08 November 2019,-14021
12,2019,10 December 2019,"Rp14,004.00",06 November 2019,-14004
12,2019,11 December 2019,"Rp14,025.00",10 December 2019,-14025
12,2019,12 December 2019,"Rp14,042.00",11 December 2019,-14042
12,2019,13 December 2019,"Rp13,982.00",13 September 2019,-13982
12,2019,16 December 2019,"Rp14,004.00",13 December 2019,-14004
12,2019,17 December 2019,"Rp14,018.00",16 December 2019,-14018
12,2019,18 December 2019,"Rp14,007.00",16 December 2019,-14007
12,2019,19 December 2019,"Rp13,983.00",13 December 2019,-13983
12,2019,20 December 2019,"Rp13,993.00",19 December 2019,-13993
12,2019,23 December 2019,"Rp13,978.00",13 September 2019,-13978
12,2019,26 December 2019,"Rp13,982.00",23 December 2019,-13982
12,2019,27 December 2019,"Rp13,956.00",13 September 2019,-13956
12,2019,30 December 2019,"Rp13,945.00",19 July 2019,-13945
12,2019,31 December 2019,"Rp13,901.00",-,-13901
1,2020,02 January 2020,"Rp13,895.00",-,-13895
1,2020,03 January 2020,"Rp13,899.00",02 January 2020,-13899
1,2020,06 January 2020,"Rp13,961.00",03 January 2020,-13961
1,2020,07 January 2020,"Rp13,919.00",03 January 2020,-13919
1,2020,08 January 2020,"Rp13,934.00",07 January 2020,-13934
1,2020,09 January 2020,"Rp13,860.00",-,-13860
1,2020,10 January 2020,"Rp13,812.00",-,-13812
1,2020,13 January 2020,"Rp13,708.00",-,-13708
1,2020,14 January 2020,"Rp13,654.00",-,-13654
1,2020,15 January 2020,"Rp13,706.00",14 January 2020,-13706
1,2020,16 January 2020,"Rp13,658.00",14 January 2020,-13658
1,2020,17 January 2020,"Rp13,648.00",-,-13648
1,2020,20 January 2020,"Rp13,654.00",17 January 2020,-13654
1,2020,21 January 2020,"Rp13,658.00",20 January 2020,-13658
1,2020,22 January 2020,"Rp13,678.00",21 January 2020,-13678
1,2020,23 January 2020,"Rp13,626.00",-,-13626
1,2020,24 January 2020,"Rp13,632.00",23 January 2020,-13632
1,2020,27 January 2020,"Rp13,612.00",-,-13612
1,2020,28 January 2020,"Rp13,647.00",27 January 2020,-13647
1,2020,29 January 2020,"Rp13,634.00",27 January 2020,-13634
1,2020,30 January 2020,"Rp13,652.00",29 January 2020,-13652
1,2020,31 January 2020,"Rp13,662.00",30 January 2020,-13662
2,2020,03 February 2020,"Rp13,726.00",31 January 2020,-13726
2,2020,04 February 2020,"Rp13,760.00",03 February 2020,-13760
2,2020,05 February 2020,"Rp13,717.00",31 January 2020,-13717
2,2020,06 February 2020,"Rp13,662.00",30 January 2020,-13662
2,2020,07 February 2020,"Rp13,647.00",29 January 2020,-13647
2,2020,10 February 2020,"Rp13,708.00",07 February 2020,-13708
2,2020,11 February 2020,"Rp13,686.00",07 February 2020,-13686
2,2020,12 February 2020,"Rp13,659.00",07 February 2020,-13659
2,2020,13 February 2020,"Rp13,679.00",12 February 2020,-13679
2,2020,14 February 2020,"Rp13,707.00",13 February 2020,-13707
2,2020,17 February 2020,"Rp13,693.00",13 February 2020,-13693
2,2020,18 February 2020,"Rp13,676.00",12 February 2020,-13676
2,2020,19 February 2020,"Rp13,717.00",18 February 2020,-13717
2,2020,20 February 2020,"Rp13,735.00",19 February 2020,-13735
2,2020,21 February 2020,"Rp13,777.00",20 February 2020,-13777
2,2020,24 February 2020,"Rp13,863.00",21 February 2020,-13863
2,2020,25 February 2020,"Rp13,893.00",24 February 2020,-13893
2,2020,26 February 2020,"Rp13,966.00",25 February 2020,-13966
2,2020,27 February 2020,"Rp14,018.00",26 February 2020,-14018
2,2020,28 February 2020,"Rp14,234.00",27 February 2020,-14234
3,2020,02 March 2020,"Rp14,413.00",28 February 2020,-14413
3,2020,03 March 2020,"Rp14,222.00",27 February 2020,-14222
3,2020,04 March 2020,"Rp14,171.00",27 February 2020,-14171
3,2020,05 March 2020,"Rp14,168.00",27 February 2020,-14168
3,2020,06 March 2020,"Rp14,267.00",05 March 2020,-14267
3,2020,09 March 2020,"Rp14,342.00",06 March 2020,-14342
3,2020,10 March 2020,"Rp14,411.00",09 March 2020,-14411
3,2020,11 March 2020,"Rp14,323.00",06 March 2020,-14323
3,2020,12 March 2020,"Rp14,490.00",11 March 2020,-14490
3,2020,13 March 2020,"Rp14,815.00",12 March 2020,-14815
3,2020,16 March 2020,"Rp14,818.00",13 March 2020,-14818
3,2020,17 March 2020,"Rp15,083.00",16 March 2020,-15083
3,2020,18 March 2020,"Rp15,223.00",17 March 2020,-15223
3,2020,19 March 2020,"Rp15,712.00",18 March 2020,-15712
3,2020,20 March 2020,"Rp16,273.00",19 March 2020,-16273
3,2020,23 March 2020,"Rp16,608.00",20 March 2020,-16608
3,2020,24 March 2020,"Rp16,486.00",20 March 2020,-16486
3,2020,26 March 2020,"Rp16,328.00",20 March 2020,-16328
3,2020,27 March 2020,"Rp16,230.00",19 March 2020,-16230
3,2020,30 March 2020,"Rp16,336.00",27 March 2020,-16336
3,2020,31 March 2020,"Rp16,367.00",30 March 2020,-16367
4,2020,01 April 2020,"Rp16,413.00",31 March 2020,-16413
4,2020,02 April 2020,"Rp16,741.00",01 April 2020,-16741
4,2020,03 April 2020,"Rp16,464.00",01 April 2020,-16464
4,2020,06 April 2020,"Rp16,556.00",03 April 2020,-16556
4,2020,07 April 2020,"Rp16,410.00",31 March 2020,-16410
4,2020,08 April 2020,"Rp16,245.00",27 March 2020,-16245
4,2020,09 April 2020,"Rp16,241.00",27 March 2020,-16241
4,2020,13 April 2020,"Rp15,840.00",19 March 2020,-15840
4,2020,14 April 2020,"Rp15,722.00",19 March 2020,-15722
4,2020,15 April 2020,"Rp15,707.00",18 March 2020,-15707
4,2020,16 April 2020,"Rp15,787.00",15 April 2020,-15787
4,2020,17 April 2020,"Rp15,503.00",18 March 2020,-15503
4,2020,20 April 2020,"Rp15,543.00",17 April 2020,-15543
4,2020,21 April 2020,"Rp15,643.00",20 April 2020,-15643
4,2020,22 April 2020,"Rp15,567.00",20 April 2020,-15567
4,2020,23 April 2020,"Rp15,630.00",22 April 2020,-15630
4,2020,24 April 2020,"Rp15,553.00",20 April 2020,-15553
4,2020,27 April 2020,"Rp15,591.00",24 April 2020,-15591
4,2020,28 April 2020,"Rp15,488.00",18 March 2020,-15488
4,2020,29 April 2020,"Rp15,415.00",18 March 2020,-15415
4,2020,30 April 2020,"Rp15,157.00",17 March 2020,-15157
5,2020,04 May 2020,"Rp15,073.00",16 March 2020,-15073
5,2020,05 May 2020,"Rp15,104.00",04 May 2020,-15104
5,2020,06 May 2020,"Rp15,127.00",05 May 2020,-15127
5,2020,08 May 2020,"Rp15,009.00",16 March 2020,-15009
5,2020,11 May 2020,"Rp14,936.00",16 March 2020,-14936
5,2020,12 May 2020,"Rp14,978.00",11 May 2020,-14978
5,2020,13 May 2020,"Rp14,887.00",16 March 2020,-14887
5,2020,14 May 2020,"Rp14,946.00",13 May 2020,-14946
5,2020,15 May 2020,"Rp14,909.00",13 May 2020,-14909
5,2020,18 May 2020,"Rp14,885.00",16 March 2020,-14885
5,2020,19 May 2020,"Rp14,823.00",16 March 2020,-14823
5,2020,20 May 2020,"Rp14,785.00",12 March 2020,-14785
5,2020,26 May 2020,"Rp14,774.00",12 March 2020,-14774
5,2020,27 May 2020,"Rp14,761.00",12 March 2020,-14761
5,2020,28 May 2020,"Rp14,769.00",27 May 2020,-14769
5,2020,29 May 2020,"Rp14,733.00",12 March 2020,-14733
6,2020,02 June 2020,"Rp14,502.00",12 March 2020,-14502
6,2020,03 June 2020,"Rp14,245.00",05 March 2020,-14245
6,2020,04 June 2020,"Rp14,165.00",27 February 2020,-14165
6,2020,05 June 2020,"Rp14,100.00",27 February 2020,-14100
6,2020,08 June 2020,"Rp13,956.00",25 February 2020,-13956
6,2020,09 June 2020,"Rp13,973.00",08 June 2020,-13973
6,2020,10 June 2020,"Rp14,083.00",09 June 2020,-14083
6,2020,11 June 2020,"Rp14,014.00",09 June 2020,-14014
6,2020,12 June 2020,"Rp14,257.00",11 June 2020,-14257
6,2020,15 June 2020,"Rp14,228.00",11 June 2020,-14228
6,2020,16 June 2020,"Rp14,155.00",11 June 2020,-14155
6,2020,17 June 2020,"Rp14,234.00",16 June 2020,-14234
6,2020,18 June 2020,"Rp14,186.00",16 June 2020,-14186
6,2020,19 June 2020,"Rp14,242.00",18 June 2020,-14242
6,2020,22 June 2020,"Rp14,209.00",18 June 2020,-14209
6,2020,23 June 2020,"Rp14,265.00",22 June 2020,-14265
6,2020,24 June 2020,"Rp14,160.00",16 June 2020,-14160
6,2020,25 June 2020,"Rp14,231.00",24 June 2020,-14231
6,2020,26 June 2020,"Rp14,239.00",25 June 2020,-14239
6,2020,29 June 2020,"Rp14,369.00",26 June 2020,-14369
6,2020,30 June 2020,"Rp14,302.00",26 June 2020,-14302
7,2020,01 July 2020,"Rp14,341.00",30 June 2020,-14341
7,2020,02 July 2020,"Rp14,516.00",01 July 2020,-14516
7,2020,03 July 2020,"Rp14,566.00",02 July 2020,-14566
7,2020,06 July 2020,"Rp14,547.00",02 July 2020,-14547
7,2020,07 July 2020,"Rp14,456.00",01 July 2020,-14456
7,2020,08 July 2020,"Rp14,460.00",07 July 2020,-14460
7,2020,09 July 2020,"Rp14,446.00",01 July 2020,-14446
7,2020,10 July 2020,"Rp14,501.00",09 July 2020,-14501
7,2020,13 July 2020,"Rp14,486.00",09 July 2020,-14486
7,2020,14 July 2020,"Rp14,512.00",13 July 2020,-14512
7,2020,15 July 2020,"Rp14,616.00",14 July 2020,-14616
7,2020,16 July 2020,"Rp14,632.00",15 July 2020,-14632
7,2020,17 July 2020,"Rp14,780.00",16 July 2020,-14780
7,2020,20 July 2020,"Rp14,832.00",17 July 2020,-14832
7,2020,21 July 2020,"Rp14,813.00",17 July 2020,-14813
7,2020,22 July 2020,"Rp14,655.00",16 July 2020,-14655
7,2020,23 July 2020,"Rp14,669.00",22 July 2020,-14669
7,2020,24 July 2020,"Rp14,614.00",14 July 2020,-14614
7,2020,27 July 2020,"Rp14,605.00",14 July 2020,-14605
7,2020,28 July 2020,"Rp14,543.00",14 July 2020,-14543
7,2020,29 July 2020,"Rp14,570.00",28 July 2020,-14570
7,2020,30 July 2020,"Rp14,653.00",29 July 2020,-14653
8,2020,03 August 2020,"Rp14,713.00",30 July 2020,-14713
8,2020,04 August 2020,"Rp14,697.00",30 July 2020,-14697
8,2020,05 August 2020,"Rp14,623.00",29 July 2020,-14623
8,2020,06 August 2020,"Rp14,587.00",29 July 2020,-14587
8,2020,07 August 2020,"Rp14,647.00",06 August 2020,-14647
8,2020,10 August 2020,"Rp14,750.00",07 August 2020,-14750
8,2020,11 August 2020,"Rp14,728.00",07 August 2020,-14728
8,2020,12 August 2020,"Rp14,777.00",11 August 2020,-14777
8,2020,13 August 2020,"Rp14,877.00",12 August 2020,-14877
8,2020,14 August 2020,"Rp14,917.00",13 August 2020,-14917
8,2020,18 August 2020,"Rp14,907.00",13 August 2020,-14907
8,2020,19 August 2020,"Rp14,786.00",12 August 2020,-14786
8,2020,24 August 2020,"Rp14,794.00",19 August 2020,-14794
8,2020,25 August 2020,"Rp14,632.00",06 August 2020,-14632
8,2020,26 August 2020,"Rp14,636.00",25 August 2020,-14636
8,2020,27 August 2020,"Rp14,714.00",26 August 2020,-14714
8,2020,28 August 2020,"Rp14,702.00",26 August 2020,-14702
8,2020,31 August 2020,"Rp14,554.00",28 July 2020,-14554
9,2020,01 September 2020,"Rp14,615.00",31 August 2020,-14615
9,2020,02 September 2020,"Rp14,804.00",01 September 2020,-14804
9,2020,03 September 2020,"Rp14,818.00",02 September 2020,-14818
9,2020,04 September 2020,"Rp14,792.00",01 September 2020,-14792
9,2020,07 September 2020,"Rp14,754.00",01 September 2020,-14754
9,2020,08 September 2020,"Rp14,798.00",07 September 2020,-14798
9,2020,09 September 2020,"Rp14,853.00",08 September 2020,-14853
9,2020,10 September 2020,"Rp14,871.00",09 September 2020,-14871
9,2020,11 September 2020,"Rp14,979.00",10 September 2020,-14979
9,2020,14 September 2020,"Rp14,974.00",10 September 2020,-14974
9,2020,15 September 2020,"Rp14,870.00",09 September 2020,-14870
9,2020,16 September 2020,"Rp14,844.00",08 September 2020,-14844
9,2020,17 September 2020,"Rp14,878.00",16 September 2020,-14878
9,2020,18 September 2020,"Rp14,768.00",07 September 2020,-14768
9,2020,21 September 2020,"Rp14,723.00",01 September 2020,-14723
9,2020,22 September 2020,"Rp14,782.00",21 September 2020,-14782
9,2020,23 September 2020,"Rp14,835.00",22 September 2020,-14835
9,2020,24 September 2020,"Rp14,949.00",23 September 2020,-14949
9,2020,25 September 2020,"Rp14,951.00",24 September 2020,-14951
9,2020,28 September 2020,"Rp14,959.00",25 September 2020,-14959
9,2020,29 September 2020,"Rp14,920.00",23 September 2020,-14920
9,2020,30 September 2020,"Rp14,918.00",23 September 2020,-14918
10,2020,01 October 2020,"Rp14,876.00",23 September 2020,-14876
10,2020,02 October 2020,"Rp14,890.00",01 October 2020,-14890
10,2020,05 October 2020,"Rp14,867.00",23 September 2020,-14867
10,2020,06 October 2020,"Rp14,712.00",01 September 2020,-14712
10,2020,07 October 2020,"Rp14,784.00",06 October 2020,-14784
10,2020,08 October 2020,"Rp14,750.00",06 October 2020,-14750
10,2020,09 October 2020,"Rp14,737.00",06 October 2020,-14737
10,2020,12 October 2020,"Rp14,746.00",09 October 2020,-14746
10,2020,13 October 2020,"Rp14,793.00",12 October 2020,-14793
10,2020,14 October 2020,"Rp14,780.00",12 October 2020,-14780
10,2020,15 October 2020,"Rp14,760.00",12 October 2020,-14760
10,2020,16 October 2020,"Rp14,766.00",15 October 2020,-14766
10,2020,19 October 2020,"Rp14,741.00",09 October 2020,-14741
10,2020,20 October 2020,"Rp14,729.00",06 October 2020,-14729
10,2020,21 October 2020,"Rp14,658.00",01 September 2020,-14658
10,2020,22 October 2020,"Rp14,697.00",21 October 2020,-14697
10,2020,23 October 2020,"Rp14,738.00",22 October 2020,-14738
10,2020,26 October 2020,"Rp14,697.00",21 October 2020,-14697
10,2020,27 October 2020,"Rp14,690.00",21 October 2020,-14690
11,2020,02 November 2020,"Rp14,718.00",27 October 2020,-14718
11,2020,03 November 2020,"Rp14,609.00",31 August 2020,-14609
11,2020,04 November 2020,"Rp14,557.00",31 August 2020,-14557
11,2020,05 November 2020,"Rp14,439.00",01 July 2020,-14439
11,2020,06 November 2020,"Rp14,321.00",30 June 2020,-14321
11,2020,09 November 2020,"Rp14,172.00",24 June 2020,-14172
11,2020,10 November 2020,"Rp14,015.00",11 June 2020,-14015
11,2020,11 November 2020,"Rp14,076.00",10 November 2020,-14076
11,2020,12 November 2020,"Rp14,187.00",11 November 2020,-14187
11,2020,13 November 2020,"Rp14,222.00",12 November 2020,-14222
11,2020,16 November 2020,"Rp14,139.00",11 November 2020,-14139
11,2020,17 November 2020,"Rp14,073.00",10 November 2020,-14073
11,2020,18 November 2020,"Rp14,118.00",17 November 2020,-14118
11,2020,19 November 2020,"Rp14,167.00",18 November 2020,-14167
11,2020,20 November 2020,"Rp14,228.00",19 November 2020,-14228
11,2020,23 November 2020,"Rp14,164.00",18 November 2020,-14164
11,2020,24 November 2020,"Rp14,196.00",23 November 2020,-14196
11,2020,25 November 2020,"Rp14,169.00",23 November 2020,-14169
11,2020,26 November 2020,"Rp14,130.00",18 November 2020,-14130
11,2020,27 November 2020,"Rp14,145.00",26 November 2020,-14145
11,2020,30 November 2020,"Rp14,128.00",18 November 2020,-14128
12,2020,01 December 2020,"Rp14,178.00",30 November 2020,-14178
12,2020,02 December 2020,"Rp14,164.00",30 November 2020,-14164
12,2020,03 December 2020,"Rp14,177.00",02 December 2020,-14177
12,2020,04 December 2020,"Rp14,182.00",03 December 2020,-14182
12,2020,07 December 2020,"Rp14,135.00",30 November 2020,-14135
12,2020,08 December 2020,"Rp14,164.00",07 December 2020,-14164
12,2020,10 December 2020,"Rp14,130.00",30 November 2020,-14130
12,2020,11 December 2020,"Rp14,102.00",17 November 2020,-14102
12,2020,14 December 2020,"Rp14,158.00",11 December 2020,-14158
12,2020,15 December 2020,"Rp14,171.00",14 December 2020,-14171
12,2020,16 December 2020,"Rp14,151.00",11 December 2020,-14151
12,2020,17 December 2020,"Rp14,152.00",16 December 2020,-14152
12,2020,18 December 2020,"Rp14,146.00",11 December 2020,-14146
12,2020,21 December 2020,"Rp14,180.00",18 December 2020,-14180
12,2020,22 December 2020,"Rp14,218.00",21 December 2020,-14218
12,2020,23 December 2020,"Rp14,282.00",22 December 2020,-14282
12,2020,28 December 2020,"Rp14,184.00",21 December 2020,-14184
12,2020,29 December 2020,"Rp14,169.00",18 December 2020,-14169
12,2020,30 December 2020,"Rp14,105.00",11 December 2020,-14105
1,2021,04 January 2021,"Rp13,903.00",25 February 2020,-13903
1,2021,05 January 2021,"Rp13,945.00",04 January 2021,-13945
1,2021,06 January 2021,"Rp13,926.00",04 January 2021,-13926
1,2021,07 January 2021,"Rp13,938.00",06 January 2021,-13938
1,2021,08 January 2021,"Rp14,058.00",07 January 2021,-14058
1,2021,11 January 2021,"Rp14,155.00",08 January 2021,-14155
1,2021,12 January 2021,"Rp14,231.00",11 January 2021,-14231
1,2021,13 January 2021,"Rp14,109.00",08 January 2021,-14109
1,2021,14 January 2021,"Rp14,119.00",13 January 2021,-14119
1,2021,15 January 2021,"Rp14,068.00",08 January 2021,-14068
1,2021,18 January 2021,"Rp14,080.00",15 January 2021,-14080
1,2021,19 January 2021,"Rp14,086.00",18 January 2021,-14086
1,2021,20 January 2021,"Rp14,065.00",08 January 2021,-14065
1,2021,21 January 2021,"Rp14,039.00",07 January 2021,-14039
1,2021,22 January 2021,"Rp14,054.00",21 January 2021,-14054
1,2021,25 January 2021,"Rp14,082.00",22 January 2021,-14082
1,2021,26 January 2021,"Rp14,086.00",25 January 2021,-14086
1,2021,27 January 2021,"Rp14,091.00",26 January 2021,-14091
1,2021,28 January 2021,"Rp14,119.00",27 January 2021,-14119
1,2021,29 January 2021,"Rp14,084.00",25 January 2021,-14084
2,2021,01 February 2021,"Rp14,042.00",21 January 2021,-14042
2,2021,02 February 2021,"Rp14,044.00",01 February 2021,-14044
2,2021,03 February 2021,"Rp14,017.00",07 January 2021,-14017
2,2021,04 February 2021,"Rp14,036.00",03 February 2021,-14036
2,2021,05 February 2021,"Rp14,062.00",04 February 2021,-14062
2,2021,08 February 2021,"Rp14,000.00",07 January 2021,-14000
2,2021,09 February 2021,"Rp14,000.00",07 January 2021,-14000
2,2021,10 February 2021,"Rp13,989.00",07 January 2021,-13989
2,2021,11 February 2021,"Rp14,011.00",10 February 2021,-14011
2,2021,15 February 2021,"Rp13,946.00",07 January 2021,-13946
2,2021,16 February 2021,"Rp13,875.00",24 February 2020,-13875
2,2021,17 February 2021,"Rp14,019.00",16 February 2021,-14019
2,2021,18 February 2021,"Rp14,059.00",17 February 2021,-14059
2,2021,19 February 2021,"Rp14,085.00",18 February 2021,-14085
2,2021,22 February 2021,"Rp14,098.00",19 February 2021,-14098
2,2021,23 February 2021,"Rp14,126.00",22 February 2021,-14126
2,2021,24 February 2021,"Rp14,089.00",19 February 2021,-14089
2,2021,25 February 2021,"Rp14,104.00",24 February 2021,-14104
2,2021,26 February 2021,"Rp14,229.00",25 February 2021,-14229
3,2021,01 March 2021,"Rp14,300.00",26 February 2021,-14300
3,2021,02 March 2021,"Rp14,307.00",01 March 2021,-14307
3,2021,03 March 2021,"Rp14,334.00",02 March 2021,-14334
3,2021,04 March 2021,"Rp14,299.00",26 February 2021,-14299
3,2021,05 March 2021,"Rp14,371.00",04 March 2021,-14371
3,2021,08 March 2021,"Rp14,390.00",05 March 2021,-14390
3,2021,09 March 2021,"Rp14,468.00",08 March 2021,-14468
3,2021,10 March 2021,"Rp14,421.00",08 March 2021,-14421
3,2021,12 March 2021,"Rp14,371.00",04 March 2021,-14371
3,2021,15 March 2021,"Rp14,418.00",12 March 2021,-14418
3,2021,16 March 2021,"Rp14,424.00",15 March 2021,-14424
3,2021,17 March 2021,"Rp14,459.00",16 March 2021,-14459
3,2021,18 March 2021,"Rp14,412.00",12 March 2021,-14412
3,2021,19 March 2021,"Rp14,476.00",18 March 2021,-14476
3,2021,22 March 2021,"Rp14,456.00",18 March 2021,-14456
3,2021,23 March 2021,"Rp14,421.00",18 March 2021,-14421
3,2021,24 March 2021,"Rp14,455.00",23 March 2021,-14455
3,2021,25 March 2021,"Rp14,464.00",24 March 2021,-14464
3,2021,26 March 2021,"Rp14,446.00",23 March 2021,-14446
3,2021,29 March 2021,"Rp14,434.00",23 March 2021,-14434
3,2021,30 March 2021,"Rp14,481.00",29 March 2021,-14481
3,2021,31 March 2021,"Rp14,572.00",30 March 2021,-14572
4,2021,01 April 2021,"Rp14,577.00",31 March 2021,-14577
4,2021,05 April 2021,"Rp14,533.00",30 March 2021,-14533
4,2021,06 April 2021,"Rp14,519.00",30 March 2021,-14519
4,2021,07 April 2021,"Rp14,513.00",30 March 2021,-14513
4,2021,08 April 2021,"Rp14,580.00",07 April 2021,-14580
4,2021,09 April 2021,"Rp14,580.00",07 April 2021,-14580
4,2021,12 April 2021,"Rp14,631.00",09 April 2021,-14631
4,2021,13 April 2021,"Rp14,648.00",12 April 2021,-14648
4,2021,14 April 2021,"Rp14,633.00",12 April 2021,-14633
4,2021,15 April 2021,"Rp14,646.00",14 April 2021,-14646
4,2021,16 April 2021,"Rp14,592.00",09 April 2021,-14592
4,2021,19 April 2021,"Rp14,568.00",07 April 2021,-14568
4,2021,20 April 2021,"Rp14,508.00",30 March 2021,-14508
4,2021,21 April 2021,"Rp14,549.00",20 April 2021,-14549
4,2021,22 April 2021,"Rp14,530.00",20 April 2021,-14530
4,2021,23 April 2021,"Rp14,548.00",22 April 2021,-14548
4,2021,26 April 2021,"Rp14,489.00",30 March 2021,-14489
4,2021,27 April 2021,"Rp14,497.00",26 April 2021,-14497
4,2021,28 April 2021,"Rp14,510.00",27 April 2021,-14510
4,2021,29 April 2021,"Rp14,468.00",29 March 2021,-14468
4,2021,30 April 2021,"Rp14,453.00",29 March 2021,-14453
5,2021,03 May 2021,"Rp14,467.00",30 April 2021,-14467
5,2021,04 May 2021,"Rp14,431.00",23 March 2021,-14431
5,2021,05 May 2021,"Rp14,439.00",04 May 2021,-14439
5,2021,06 May 2021,"Rp14,364.00",04 March 2021,-14364
5,2021,07 May 2021,"Rp14,289.00",26 February 2021,-14289
5,2021,10 May 2021,"Rp14,198.00",25 February 2021,-14198
5,2021,11 May 2021,"Rp14,203.00",10 May 2021,-14203
5,2021,17 May 2021,"Rp14,284.00",11 May 2021,-14284
5,2021,18 May 2021,"Rp14,300.00",17 May 2021,-14300
5,2021,19 May 2021,"Rp14,313.00",18 May 2021,-14313
5,2021,20 May 2021,"Rp14,396.00",19 May 2021,-14396
5,2021,21 May 2021,"Rp14,375.00",19 May 2021,-14375
5,2021,24 May 2021,"Rp14,362.00",19 May 2021,-14362
5,2021,25 May 2021,"Rp14,335.00",19 May 2021,-14335
5,2021,27 May 2021,"Rp14,312.00",18 May 2021,-14312
5,2021,28 May 2021,"Rp14,310.00",18 May 2021,-14310
5,2021,31 May 2021,"Rp14,292.00",17 May 2021,-14292
6,2021,02 June 2021,"Rp14,276.00",11 May 2021,-14276
6,2021,03 June 2021,"Rp14,297.00",02 June 2021,-14297
6,2021,04 June 2021,"Rp14,316.00",03 June 2021,-14316
6,2021,07 June 2021,"Rp14,271.00",11 May 2021,-14271
6,2021,08 June 2021,"Rp14,262.00",11 May 2021,-14262
6,2021,09 June 2021,"Rp14,262.00",11 May 2021,-14262
6,2021,10 June 2021,"Rp14,240.00",11 May 2021,-14240
6,2021,11 June 2021,"Rp14,206.00",11 May 2021,-14206
6,2021,14 June 2021,"Rp14,222.00",11 June 2021,-14222
6,2021,15 June 2021,"Rp14,244.00",14 June 2021,-14244
6,2021,16 June 2021,"Rp14,257.00",15 June 2021,-14257
6,2021,17 June 2021,"Rp14,378.00",16 June 2021,-14378
6,2021,18 June 2021,"Rp14,403.00",17 June 2021,-14403
6,2021,21 June 2021,"Rp14,453.00",18 June 2021,-14453
6,2021,22 June 2021,"Rp14,421.00",18 June 2021,-14421
6,2021,23 June 2021,"Rp14,454.00",22 June 2021,-14454
6,2021,24 June 2021,"Rp14,462.00",23 June 2021,-14462
6,2021,25 June 2021,"Rp14,447.00",22 June 2021,-14447
6,2021,28 June 2021,"Rp14,472.00",25 June 2021,-14472
6,2021,29 June 2021,"Rp14,496.00",28 June 2021,-14496
6,2021,30 June 2021,"Rp14,542.00",29 June 2021,-14542
7,2021,01 July 2021,"Rp14,539.00",29 June 2021,-14539
7,2021,02 July 2021,"Rp14,564.00",01 July 2021,-14564
7,2021,05 July 2021,"Rp14,482.00",28 June 2021,-14482
7,2021,06 July 2021,"Rp14,468.00",25 June 2021,-14468
7,2021,07 July 2021,"Rp14,500.00",06 July 2021,-14500
7,2021,08 July 2021,"Rp14,548.00",07 July 2021,-14548
7,2021,09 July 2021,"Rp14,548.00",07 July 2021,-14548
7,2021,12 July 2021,"Rp14,486.00",06 July 2021,-14486
7,2021,13 July 2021,"Rp14,486.00",06 July 2021,-14486
7,2021,14 July 2021,"Rp14,493.00",13 July 2021,-14493
7,2021,15 July 2021,"Rp14,503.00",14 July 2021,-14503
7,2021,16 July 2021,"Rp14,517.00",15 July 2021,-14517
7,2021,19 July 2021,"Rp14,524.00",16 July 2021,-14524
7,2021,21 July 2021,"Rp14,554.00",19 July 2021,-14554
7,2021,22 July 2021,"Rp14,508.00",15 July 2021,-14508
7,2021,23 July 2021,"Rp14,501.00",14 July 2021,-14501
7,2021,26 July 2021,"Rp14,494.00",14 July 2021,-14494
7,2021,27 July 2021,"Rp14,489.00",13 July 2021,-14489
7,2021,28 July 2021,"Rp14,498.00",27 July 2021,-14498
7,2021,29 July 2021,"Rp14,491.00",27 July 2021,-14491
7,2021,30 July 2021,"Rp14,462.00",25 June 2021,-14462
8,2021,02 August 2021,"Rp14,456.00",25 June 2021,-14456
8,2021,03 August 2021,"Rp14,362.00",16 June 2021,-14362
8,2021,04 August 2021,"Rp14,324.00",16 June 2021,-14324
8,2021,05 August 2021,"Rp14,342.00",04 August 2021,-14342
8,2021,06 August 2021,"Rp14,369.00",05 August 2021,-14369
8,2021,09 August 2021,"Rp14,378.00",06 August 2021,-14378
8,2021,10 August 2021,"Rp14,397.00",09 August 2021,-14397
8,2021,12 August 2021,"Rp14,389.00",09 August 2021,-14389
8,2021,13 August 2021,"Rp14,388.00",09 August 2021,-14388
8,2021,16 August 2021,"Rp14,383.00",09 August 2021,-14383
8,2021,18 August 2021,"Rp14,384.00",16 August 2021,-14384
8,2021,19 August 2021,"Rp14,414.00",18 August 2021,-14414
8,2021,20 August 2021,"Rp14,464.00",19 August 2021,-14464
8,2021,23 August 2021,"Rp14,415.00",19 August 2021,-14415
8,2021,24 August 2021,"Rp14,391.00",18 August 2021,-14391
8,2021,25 August 2021,"Rp14,408.00",24 August 2021,-14408
8,2021,26 August 2021,"Rp14,423.00",25 August 2021,-14423
8,2021,27 August 2021,"Rp14,431.00",26 August 2021,-14431
8,2021,30 August 2021,"Rp14,374.00",06 August 2021,-14374
8,2021,31 August 2021,"Rp14,306.00",16 June 2021,-14306
9,2021,01 September 2021,"Rp14,284.00",16 June 2021,-14284
9,2021,02 September 2021,"Rp14,281.00",16 June 2021,-14281
9,2021,03 September 2021,"Rp14,261.00",16 June 2021,-14261
9,2021,06 September 2021,"Rp14,239.00",14 June 2021,-14239
9,2021,07 September 2021,"Rp14,195.00",25 February 2021,-14195
9,2021,08 September 2021,"Rp14,266.00",07 September 2021,-14266
9,2021,09 September 2021,"Rp14,272.00",08 September 2021,-14272
9,2021,10 September 2021,"Rp14,225.00",07 September 2021,-14225
9,2021,13 September 2021,"Rp14,260.00",10 September 2021,-14260
9,2021,14 September 2021,"Rp14,257.00",10 September 2021,-14257
9,2021,15 September 2021,"Rp14,252.00",10 September 2021,-14252
9,2021,16 September 2021,"Rp14,238.00",10 September 2021,-14238
9,2021,17 September 2021,"Rp14,233.00",10 September 2021,-14233
9,2021,20 September 2021,"Rp14,251.00",17 September 2021,-14251
9,2021,21 September 2021,"Rp14,244.00",17 September 2021,-14244
9,2021,22 September 2021,"Rp14,249.00",21 September 2021,-14249
9,2021,23 September 2021,"Rp14,256.00",22 September 2021,-14256
9,2021,24 September 2021,"Rp14,250.00",22 September 2021,-14250
9,2021,27 September 2021,"Rp14,258.00",24 September 2021,-14258
9,2021,28 September 2021,"Rp14,269.00",27 September 2021,-14269
9,2021,29 September 2021,"Rp14,307.00",28 September 2021,-14307
9,2021,30 September 2021,"Rp14,321.00",29 September 2021,-14321
10,2021,01 October 2021,"Rp14,315.00",29 September 2021,-14315
10,2021,04 October 2021,"Rp14,276.00",28 September 2021,-14276
10,2021,05 October 2021,"Rp14,260.00",27 September 2021,-14260
10,2021,06 October 2021,"Rp14,245.00",21 September 2021,-14245
10,2021,07 October 2021,"Rp14,238.00",17 September 2021,-14238
10,2021,08 October 2021,"Rp14,225.00",07 September 2021,-14225
10,2021,11 October 2021,"Rp14,210.00",07 September 2021,-14210
10,2021,12 October 2021,"Rp14,217.00",11 October 2021,-14217
10,2021,13 October 2021,"Rp14,221.00",12 October 2021,-14221
10,2021,14 October 2021,"Rp14,155.00",25 February 2021,-14155
10,2021,15 October 2021,"Rp14,084.00",18 February 2021,-14084
10,2021,18 October 2021,"Rp14,096.00",15 October 2021,-14096
10,2021,19 October 2021,"Rp14,080.00",18 February 2021,-14080
10,2021,21 October 2021,"Rp14,133.00",19 October 2021,-14133
10,2021,22 October 2021,"Rp14,162.00",21 October 2021,-14162
10,2021,25 October 2021,"Rp14,183.00",22 October 2021,-14183
10,2021,26 October 2021,"Rp14,165.00",22 October 2021,-14165
10,2021,27 October 2021,"Rp14,184.00",26 October 2021,-14184
10,2021,28 October 2021,"Rp14,199.00",27 October 2021,-14199
10,2021,29 October 2021,"Rp14,171.00",26 October 2021,-14171
11,2021,01 November 2021,"Rp14,235.00",29 October 2021,-14235
11,2021,02 November 2021,"Rp14,261.00",01 November 2021,-14261
11,2021,03 November 2021,"Rp14,301.00",02 November 2021,-14301
11,2021,04 November 2021,"Rp14,327.00",03 November 2021,-14327
11,2021,05 November 2021,"Rp14,374.00",04 November 2021,-14374
11,2021,08 November 2021,"Rp14,268.00",02 November 2021,-14268
11,2021,09 November 2021,"Rp14,233.00",29 October 2021,-14233
11,2021,10 November 2021,"Rp14,253.00",09 November 2021,-14253
11,2021,11 November 2021,"Rp14,288.00",10 November 2021,-14288
11,2021,12 November 2021,"Rp14,243.00",09 November 2021,-14243
11,2021,15 November 2021,"Rp14,206.00",29 October 2021,-14206
11,2021,16 November 2021,"Rp14,211.00",15 November 2021,-14211
11,2021,17 November 2021,"Rp14,259.00",16 November 2021,-14259
11,2021,18 November 2021,"Rp14,231.00",16 November 2021,-14231
11,2021,19 November 2021,"Rp14,237.00",18 November 2021,-14237
11,2021,22 November 2021,"Rp14,255.00",19 November 2021,-14255
11,2021,23 November 2021,"Rp14,272.00",22 November 2021,-14272
11,2021,24 November 2021,"Rp14,272.00",22 November 2021,-14272
11,2021,25 November 2021,"Rp14,280.00",24 November 2021,-14280
11,2021,26 November 2021,"Rp14,280.00",24 November 2021,-14280
11,2021,29 November 2021,"Rp14,340.00",26 November 2021,-14340
11,2021,30 November 2021,"Rp14,320.00",26 November 2021,-14320
12,2021,01 December 2021,"Rp14,353.00",30 November 2021,-14353
12,2021,02 December 2021,"Rp14,378.00",01 December 2021,-14378
12,2021,03 December 2021,"Rp14,408.00",02 December 2021,-14408
12,2021,06 December 2021,"Rp14,441.00",03 December 2021,-14441
12,2021,07 December 2021,"Rp14,408.00",02 December 2021,-14408
12,2021,08 December 2021,"Rp14,348.00",30 November 2021,-14348
12,2021,09 December 2021,"Rp14,351.00",08 December 2021,-14351
12,2021,10 December 2021,"Rp14,378.00",09 December 2021,-14378
12,2021,13 December 2021,"Rp14,346.00",30 November 2021,-14346
12,2021,14 December 2021,"Rp14,348.00",13 December 2021,-14348
12,2021,15 December 2021,"Rp14,337.00",30 November 2021,-14337
12,2021,16 December 2021,"Rp14,343.00",15 December 2021,-14343
12,2021,17 December 2021,"Rp14,343.00",15 December 2021,-14343
12,2021,20 December 2021,"Rp14,384.00",17 December 2021,-14384
12,2021,21 December 2021,"Rp14,349.00",17 December 2021,-14349
12,2021,22 December 2021,"Rp14,264.00",22 November 2021,-14264
12,2021,23 December 2021,"Rp14,251.00",19 November 2021,-14251
12,2021,24 December 2021,"Rp14,219.00",16 November 2021,-14219
12,2021,27 December 2021,"Rp14,225.00",24 December 2021,-14225
12,2021,28 December 2021,"Rp14,237.00",27 December 2021,-14237
12,2021,29 December 2021,"Rp14,265.00",28 December 2021,-14265
12,2021,30 December 2021,"Rp14,269.00",29 December 2021,-14269
12,2021,31 December 2021,"Rp14,278.00",30 December 2021,-14278
1,2022,03 January 2022,"Rp14,270.00",30 December 2021,-14270
1,2022,04 January 2022,"Rp14,310.00",03 January 2022,-14310
1,2022,05 January 2022,"Rp14,365.00",04 January 2022,-14365
1,2022,06 January 2022,"Rp14,396.00",05 January 2022,-14396
1,2022,07 January 2022,"Rp14,360.00",04 January 2022,-14360
1,2022,10 January 2022,"Rp14,323.00",04 January 2022,-14323
1,2022,11 January 2022,"Rp14,299.00",03 January 2022,-14299
1,2022,12 January 2022,"Rp14,302.00",11 January 2022,-14302
1,2022,13 January 2022,"Rp14,311.00",12 January 2022,-14311
1,2022,14 January 2022,"Rp14,310.00",12 January 2022,-14310
1,2022,17 January 2022,"Rp14,323.00",14 January 2022,-14323
1,2022,18 January 2022,"Rp14,325.00",17 January 2022,-14325
1,2022,19 January 2022,"Rp14,370.00",18 January 2022,-14370
1,2022,20 January 2022,"Rp14,354.00",18 January 2022,-14354
1,2022,21 January 2022,"Rp14,347.00",18 January 2022,-14347
1,2022,24 January 2022,"Rp14,327.00",18 January 2022,-14327
1,2022,25 January 2022,"Rp14,358.00",24 January 2022,-14358
1,2022,26 January 2022,"Rp14,346.00",24 January 2022,-14346
1,2022,27 January 2022,"Rp14,385.00",26 January 2022,-14385
1,2022,28 January 2022,"Rp14,381.00",26 January 2022,-14381
1,2022,31 January 2022,"Rp14,392.00",28 January 2022,-14392
2,2022,02 February 2022,"Rp14,347.00",26 January 2022,-14347
2,2022,03 February 2022,"Rp14,381.00",02 February 2022,-14381
2,2022,04 February 2022,"Rp14,376.00",02 February 2022,-14376
2,2022,07 February 2022,"Rp14,404.00",04 February 2022,-14404
2,2022,08 February 2022,"Rp14,385.00",04 February 2022,-14385
2,2022,09 February 2022,"Rp14,366.00",02 February 2022,-14366
2,2022,10 February 2022,"Rp14,344.00",24 January 2022,-14344
2,2022,11 February 2022,"Rp14,359.00",10 February 2022,-14359
2,2022,14 February 2022,"Rp14,338.00",24 January 2022,-14338
2,2022,15 February 2022,"Rp14,292.00",03 January 2022,-14292
2,2022,16 February 2022,"Rp14,278.00",03 January 2022,-14278
2,2022,17 February 2022,"Rp14,301.00",16 February 2022,-14301
2,2022,18 February 2022,"Rp14,339.00",17 February 2022,-14339
2,2022,21 February 2022,"Rp14,329.00",17 February 2022,-14329
2,2022,22 February 2022,"Rp14,362.00",21 February 2022,-14362
2,2022,23 February 2022,"Rp14,355.00",21 February 2022,-14355
2,2022,24 February 2022,"Rp14,371.00",23 February 2022,-14371
2,2022,25 February 2022,"Rp14,369.00",23 February 2022,-14369
3,2022,01 March 2022,"Rp14,350.00",21 February 2022,-14350
3,2022,02 March 2022,"Rp14,373.00",01 March 2022,-14373
3,2022,04 March 2022,"Rp14,383.00",02 March 2022,-14383
3,2022,07 March 2022,"Rp14,411.00",04 March 2022,-14411
3,2022,08 March 2022,"Rp14,394.00",04 March 2022,-14394
3,2022,09 March 2022,"Rp14,371.00",01 March 2022,-14371
3,2022,10 March 2022,"Rp14,298.00",16 February 2022,-14298
3,2022,11 March 2022,"Rp14,306.00",10 March 2022,-14306
3,2022,14 March 2022,"Rp14,328.00",11 March 2022,-14328
3,2022,15 March 2022,"Rp14,321.00",11 March 2022,-14321
3,2022,16 March 2022,"Rp14,311.00",11 March 2022,-14311
3,2022,17 March 2022,"Rp14,290.00",16 February 2022,-14290
3,2022,18 March 2022,"Rp14,340.00",17 March 2022,-14340
3,2022,21 March 2022,"Rp14,341.00",18 March 2022,-14341
3,2022,22 March 2022,"Rp14,358.00",21 March 2022,-14358
3,2022,23 March 2022,"Rp14,351.00",21 March 2022,-14351
3,2022,24 March 2022,"Rp14,361.00",23 March 2022,-14361
3,2022,25 March 2022,"Rp14,341.00",18 March 2022,-14341
3,2022,28 March 2022,"Rp14,360.00",25 March 2022,-14360
3,2022,29 March 2022,"Rp14,364.00",28 March 2022,-14364
3,2022,30 March 2022,"Rp14,349.00",25 March 2022,-14349
3,2022,31 March 2022,"Rp14,357.00",30 March 2022,-14357
4,2022,01 April 2022,"Rp14,364.00",31 March 2022,-14364
4,2022,04 April 2022,"Rp14,362.00",31 March 2022,-14362
4,2022,05 April 2022,"Rp14,348.00",25 March 2022,-14348
4,2022,06 April 2022,"Rp14,364.00",05 April 2022,-14364
4,2022,07 April 2022,"Rp14,359.00",05 April 2022,-14359
4,2022,08 April 2022,"Rp14,365.00",07 April 2022,-14365
4,2022,11 April 2022,"Rp14,370.00",08 April 2022,-14370
4,2022,12 April 2022,"Rp14,364.00",07 April 2022,-14364
4,2022,13 April 2022,"Rp14,359.00",05 April 2022,-14359
4,2022,14 April 2022,"Rp14,349.00",05 April 2022,-14349
4,2022,18 April 2022,"Rp14,356.00",14 April 2022,-14356
4,2022,19 April 2022,"Rp14,347.00",25 March 2022,-14347
4,2022,20 April 2022,"Rp14,351.00",19 April 2022,-14351
4,2022,21 April 2022,"Rp14,348.00",19 April 2022,-14348
4,2022,22 April 2022,"Rp14,361.00",21 April 2022,-14361
4,2022,25 April 2022,"Rp14,452.00",22 April 2022,-14452
4,2022,26 April 2022,"Rp14,412.00",22 April 2022,-14412
4,2022,27 April 2022,"Rp14,418.00",26 April 2022,-14418
4,2022,28 April 2022,"Rp14,480.00",27 April 2022,-14480
5,2022,09 May 2022,"Rp14,534.00",28 April 2022,-14534
5,2022,10 May 2022,"Rp14,546.00",09 May 2022,-14546
5,2022,11 May 2022,"Rp14,546.00",09 May 2022,-14546
5,2022,12 May 2022,"Rp14,585.00",11 May 2022,-14585
5,2022,13 May 2022,"Rp14,619.00",12 May 2022,-14619
5,2022,17 May 2022,"Rp14,651.00",13 May 2022,-14651
5,2022,18 May 2022,"Rp14,682.00",17 May 2022,-14682
5,2022,19 May 2022,"Rp14,731.00",18 May 2022,-14731
5,2022,20 May 2022,"Rp14,661.00",17 May 2022,-14661
5,2022,23 May 2022,"Rp14,665.00",20 May 2022,-14665
5,2022,24 May 2022,"Rp14,653.00",17 May 2022,-14653
5,2022,25 May 2022,"Rp14,645.00",13 May 2022,-14645
5,2022,27 May 2022,"Rp14,578.00",11 May 2022,-14578
5,2022,30 May 2022,"Rp14,544.00",09 May 2022,-14544
5,2022,31 May 2022,"Rp14,592.00",30 May 2022,-14592
6,2022,02 June 2022,"Rp14,526.00",28 April 2022,-14526
6,2022,03 June 2022,"Rp14,431.00",27 April 2022,-14431
6,2022,06 June 2022,"Rp14,462.00",03 June 2022,-14462
6,2022,07 June 2022,"Rp14,464.00",06 June 2022,-14464
6,2022,08 June 2022,"Rp14,477.00",07 June 2022,-14477
6,2022,09 June 2022,"Rp14,555.00",08 June 2022,-14555
6,2022,10 June 2022,"Rp14,569.00",09 June 2022,-14569
6,2022,13 June 2022,"Rp14,672.00",10 June 2022,-14672
6,2022,14 June 2022,"Rp14,729.00",13 June 2022,-14729
6,2022,15 June 2022,"Rp14,746.00",14 June 2022,-14746
6,2022,16 June 2022,"Rp14,741.00",14 June 2022,-14741
6,2022,17 June 2022,"Rp14,828.00",16 June 2022,-14828
6,2022,20 June 2022,"Rp14,836.00",17 June 2022,-14836
6,2022,21 June 2022,"Rp14,804.00",16 June 2022,-14804
6,2022,22 June 2022,"Rp14,860.00",21 June 2022,-14860
6,2022,23 June 2022,"Rp14,835.00",21 June 2022,-14835
6,2022,24 June 2022,"Rp14,846.00",23 June 2022,-14846
6,2022,27 June 2022,"Rp14,802.00",16 June 2022,-14802
6,2022,28 June 2022,"Rp14,837.00",27 June 2022,-14837
6,2022,29 June 2022,"Rp14,848.00",28 June 2022,-14848
6,2022,30 June 2022,"Rp14,882.00",29 June 2022,-14882
7,2022,01 July 2022,"Rp14,956.00",30 June 2022,-14956
7,2022,04 July 2022,"Rp14,960.00",01 July 2022,-14960
7,2022,05 July 2022,"Rp14,990.00",04 July 2022,-14990
7,2022,06 July 2022,"Rp15,015.00",05 July 2022,-15015
7,2022,07 July 2022,"Rp14,986.00",04 July 2022,-14986
7,2022,08 July 2022,"Rp14,981.00",04 July 2022,-14981
7,2022,11 July 2022,"Rp14,969.00",04 July 2022,-14969
7,2022,12 July 2022,"Rp14,993.00",11 July 2022,-14993
7,2022,13 July 2022,"Rp14,985.00",11 July 2022,-14985
7,2022,14 July 2022,"Rp14,999.00",13 July 2022,-14999
7,2022,15 July 2022,"Rp14,999.00",13 July 2022,-14999
7,2022,18 July 2022,"Rp14,986.00",13 July 2022,-14986
7,2022,19 July 2022,"Rp14,992.00",18 July 2022,-14992
7,2022,20 July 2022,"Rp14,984.00",11 July 2022,-14984
7,2022,21 July 2022,"Rp15,017.00",20 July 2022,-15017
7,2022,22 July 2022,"Rp15,024.00",21 July 2022,-15024
7,2022,25 July 2022,"Rp14,992.00",20 July 2022,-14992
7,2022,26 July 2022,"Rp14,984.00",11 July 2022,-14984
7,2022,27 July 2022,"Rp15,020.00",26 July 2022,-15020
7,2022,28 July 2022,"Rp14,958.00",01 July 2022,-14958
7,2022,29 July 2022,"Rp14,860.00",29 June 2022,-14860
8,2022,01 August 2022,"Rp14,874.00",29 July 2022,-14874
8,2022,02 August 2022,"Rp14,888.00",01 August 2022,-14888
8,2022,03 August 2022,"Rp14,917.00",02 August 2022,-14917
8,2022,04 August 2022,"Rp14,929.00",03 August 2022,-14929
8,2022,05 August 2022,"Rp14,904.00",02 August 2022,-14904
8,2022,08 August 2022,"Rp14,915.00",05 August 2022,-14915
8,2022,09 August 2022,"Rp14,862.00",29 July 2022,-14862
8,2022,10 August 2022,"Rp14,875.00",09 August 2022,-14875
8,2022,11 August 2022,"Rp14,799.00",16 June 2022,-14799
8,2022,12 August 2022,"Rp14,688.00",13 June 2022,-14688
8,2022,15 August 2022,"Rp14,727.00",12 August 2022,-14727
8,2022,16 August 2022,"Rp14,767.00",15 August 2022,-14767
8,2022,18 August 2022,"Rp14,822.00",16 August 2022,-14822
8,2022,19 August 2022,"Rp14,858.00",18 August 2022,-14858
8,2022,22 August 2022,"Rp14,882.00",19 August 2022,-14882
8,2022,23 August 2022,"Rp14,893.00",22 August 2022,-14893
8,2022,24 August 2022,"Rp14,851.00",18 August 2022,-14851
8,2022,25 August 2022,"Rp14,827.00",18 August 2022,-14827
8,2022,26 August 2022,"Rp14,814.00",16 August 2022,-14814
8,2022,29 August 2022,"Rp14,887.00",26 August 2022,-14887
8,2022,30 August 2022,"Rp14,875.00",26 August 2022,-14875
8,2022,31 August 2022,"Rp14,853.00",26 August 2022,-14853
9,2022,01 September 2022,"Rp14,884.00",31 August 2022,-14884
9,2022,02 September 2022,"Rp14,900.00",01 September 2022,-14900
9,2022,05 September 2022,"Rp14,920.00",02 September 2022,-14920
9,2022,06 September 2022,"Rp14,885.00",01 September 2022,-14885
9,2022,07 September 2022,"Rp14,927.00",06 September 2022,-14927
9,2022,08 September 2022,"Rp14,905.00",06 September 2022,-14905
9,2022,09 September 2022,"Rp14,846.00",26 August 2022,-14846
9,2022,12 September 2022,"Rp14,839.00",26 August 2022,-14839
9,2022,13 September 2022,"Rp14,861.00",12 September 2022,-14861
9,2022,14 September 2022,"Rp14,923.00",13 September 2022,-14923
9,2022,15 September 2022,"Rp14,899.00",13 September 2022,-14899
9,2022,16 September 2022,"Rp14,939.00",15 September 2022,-14939
9,2022,19 September 2022,"Rp14,980.00",16 September 2022,-14980
9,2022,20 September 2022,"Rp14,975.00",16 September 2022,-14975
9,2022,21 September 2022,"Rp15,011.00",20 September 2022,-15011
9,2022,22 September 2022,"Rp15,033.00",21 September 2022,-15033
9,2022,23 September 2022,"Rp15,035.00",22 September 2022,-15035
9,2022,26 September 2022,"Rp15,119.00",23 September 2022,-15119
9,2022,27 September 2022,"Rp15,155.00",26 September 2022,-15155
9,2022,28 September 2022,"Rp15,243.00",27 September 2022,-15243
9,2022,29 September 2022,"Rp15,247.00",28 September 2022,-15247
9,2022,30 September 2022,"Rp15,232.00",27 September 2022,-15232
10,2022,03 October 2022,"Rp15,293.00",30 September 2022,-15293
10,2022,04 October 2022,"Rp15,276.00",30 September 2022,-15276
10,2022,05 October 2022,"Rp15,196.00",27 September 2022,-15196
10,2022,06 October 2022,"Rp15,197.00",05 October 2022,-15197
10,2022,07 October 2022,"Rp15,246.00",06 October 2022,-15246
10,2022,10 October 2022,"Rp15,299.00",07 October 2022,-15299
10,2022,11 October 2022,"Rp15,362.00",10 October 2022,-15362
10,2022,12 October 2022,"Rp15,373.00",11 October 2022,-15373
10,2022,13 October 2022,"Rp15,357.00",10 October 2022,-15357
10,2022,14 October 2022,"Rp15,390.00",13 October 2022,-15390
10,2022,17 October 2022,"Rp15,480.00",14 October 2022,-15480
10,2022,18 October 2022,"Rp15,469.00",14 October 2022,-15469
10,2022,19 October 2022,"Rp15,491.00",18 October 2022,-15491
10,2022,20 October 2022,"Rp15,579.00",19 October 2022,-15579
10,2022,21 October 2022,"Rp15,610.00",20 October 2022,-15610
10,2022,24 October 2022,"Rp15,590.00",20 October 2022,-15590
10,2022,25 October 2022,"Rp15,616.00",24 October 2022,-15616
10,2022,26 October 2022,"Rp15,596.00",24 October 2022,-15596
10,2022,27 October 2022,"Rp15,573.00",19 October 2022,-15573
10,2022,28 October 2022,"Rp15,542.00",19 October 2022,-15542
10,2022,31 October 2022,"Rp15,596.00",28 October 2022,-15596
11,2022,01 November 2022,"Rp15,647.00",31 October 2022,-15647
11,2022,02 November 2022,"Rp15,652.00",01 November 2022,-15652
11,2022,03 November 2022,"Rp15,681.00",02 November 2022,-15681
11,2022,04 November 2022,"Rp15,736.00",03 November 2022,-15736
11,2022,07 November 2022,"Rp15,692.00",03 November 2022,-15692
11,2022,08 November 2022,"Rp15,684.00",03 November 2022,-15684
11,2022,09 November 2022,"Rp15,654.00",02 November 2022,-15654
11,2022,10 November 2022,"Rp15,701.00",09 November 2022,-15701
11,2022,11 November 2022,"Rp15,493.00",19 October 2022,-15493
11,2022,14 November 2022,"Rp15,499.00",11 November 2022,-15499
11,2022,15 November 2022,"Rp15,564.00",14 November 2022,-15564
11,2022,16 November 2022,"Rp15,610.00",15 November 2022,-15610
11,2022,17 November 2022,"Rp15,687.00",16 November 2022,-15687
11,2022,18 November 2022,"Rp15,692.00",17 November 2022,-15692
11,2022,21 November 2022,"Rp15,707.00",18 November 2022,-15707
11,2022,22 November 2022,"Rp15,716.00",21 November 2022,-15716
11,2022,23 November 2022,"Rp15,700.00",18 November 2022,-15700
11,2022,24 November 2022,"Rp15,647.00",16 November 2022,-15647
11,2022,25 November 2022,"Rp15,668.00",24 November 2022,-15668
11,2022,28 November 2022,"Rp15,729.00",25 November 2022,-15729
11,2022,29 November 2022,"Rp15,737.00",28 November 2022,-15737
11,2022,30 November 2022,"Rp15,742.00",29 November 2022,-15742
12,2022,01 December 2022,"Rp15,617.00",16 November 2022,-15617
12,2022,02 December 2022,"Rp15,429.00",14 October 2022,-15429
12,2022,05 December 2022,"Rp15,409.00",14 October 2022,-15409
12,2022,06 December 2022,"Rp15,576.00",05 December 2022,-15576
12,2022,07 December 2022,"Rp15,619.00",06 December 2022,-15619
12,2022,08 December 2022,"Rp15,624.00",07 December 2022,-15624
12,2022,09 December 2022,"Rp15,587.00",06 December 2022,-15587
12,2022,12 December 2022,"Rp15,642.00",09 December 2022,-15642
12,2022,13 December 2022,"Rp15,661.00",12 December 2022,-15661
12,2022,14 December 2022,"Rp15,619.00",09 December 2022,-15619
12,2022,15 December 2022,"Rp15,630.00",14 December 2022,-15630
12,2022,16 December 2022,"Rp15,617.00",09 December 2022,-15617
12,2022,19 December 2022,"Rp15,621.00",16 December 2022,-15621
12,2022,20 December 2022,"Rp15,608.00",09 December 2022,-15608
12,2022,21 December 2022,"Rp15,601.00",09 December 2022,-15601
12,2022,22 December 2022,"Rp15,594.00",09 December 2022,-15594
12,2022,23 December 2022,"Rp15,605.00",22 December 2022,-15605
12,2022,26 December 2022,"Rp15,636.00",23 December 2022,-15636
12,2022,27 December 2022,"Rp15,659.00",26 December 2022,-15659
12,2022,28 December 2022,"Rp15,703.00",27 December 2022,-15703
12,2022,29 December 2022,"Rp15,731.00",28 December 2022,-15731
12,2022,30 December 2022,"Rp15,592.00",09 December 2022,-15592
1,2023,02 January 2023,"Rp15,572.00",05 December 2022,-15572
1,2023,03 January 2023,"Rp15,590.00",02 January 2023,-15590
1,2023,04 January 2023,"Rp15,615.00",03 January 2023,-15615
1,2023,05 January 2023,"Rp15,610.00",03 January 2023,-15610
1,2023,06 January 2023,"Rp15,635.00",05 January 2023,-15635
1,2023,09 January 2023,"Rp15,574.00",02 January 2023,-15574
1,2023,10 January 2023,"Rp15,589.00",09 January 2023,-15589
1,2023,11 January 2023,"Rp15,527.00",05 December 2022,-15527
1,2023,12 January 2023,"Rp15,366.00",13 October 2022,-15366
1,2023,13 January 2023,"Rp15,177.00",27 September 2022,-15177
1,2023,16 January 2023,"Rp15,019.00",21 September 2022,-15019
1,2023,17 January 2023,"Rp15,154.00",16 January 2023,-15154
1,2023,18 January 2023,"Rp15,137.00",16 January 2023,-15137
1,2023,19 January 2023,"Rp15,113.00",16 January 2023,-15113
1,2023,20 January 2023,"Rp15,121.00",19 January 2023,-15121
1,2023,24 January 2023,"Rp14,930.00",15 September 2022,-14930
1,2023,25 January 2023,"Rp14,958.00",24 January 2023,-14958
1,2023,26 January 2023,"Rp14,964.00",25 January 2023,-14964
1,2023,27 January 2023,"Rp14,978.00",26 January 2023,-14978
1,2023,30 January 2023,"Rp14,979.00",27 January 2023,-14979
1,2023,31 January 2023,"Rp14,992.00",30 January 2023,-14992
2,2023,01 February 2023,"Rp14,991.00",30 January 2023,-14991
2,2023,02 February 2023,"Rp14,868.00",13 September 2022,-14868
2,2023,03 February 2023,"Rp14,898.00",02 February 2023,-14898
2,2023,06 February 2023,"Rp15,055.00",03 February 2023,-15055
2,2023,07 February 2023,"Rp15,139.00",06 February 2023,-15139
2,2023,08 February 2023,"Rp15,122.00",06 February 2023,-15122
2,2023,09 February 2023,"Rp15,120.00",06 February 2023,-15120
2,2023,10 February 2023,"Rp15,140.00",09 February 2023,-15140
2,2023,13 February 2023,"Rp15,216.00",10 February 2023,-15216
2,2023,14 February 2023,"Rp15,168.00",10 February 2023,-15168
2,2023,15 February 2023,"Rp15,194.00",14 February 2023,-15194
2,2023,16 February 2023,"Rp15,176.00",14 February 2023,-15176
2,2023,17 February 2023,"Rp15,199.00",16 February 2023,-15199
2,2023,20 February 2023,"Rp15,168.00",10 February 2023,-15168
2,2023,21 February 2023,"Rp15,179.00",20 February 2023,-15179
2,2023,22 February 2023,"Rp15,218.00",21 February 2023,-15218
2,2023,23 February 2023,"Rp15,187.00",21 February 2023,-15187
2,2023,24 February 2023,"Rp15,216.00",23 February 2023,-15216
2,2023,27 February 2023,"Rp15,274.00",24 February 2023,-15274
2,2023,28 February 2023,"Rp15,240.00",24 February 2023,-15240
3,2023,01 March 2023,"Rp15,250.00",28 February 2023,-15250
3,2023,02 March 2023,"Rp15,273.00",01 March 2023,-15273
3,2023,03 March 2023,"Rp15,306.00",02 March 2023,-15306
3,2023,06 March 2023,"Rp15,301.00",02 March 2023,-15301
3,2023,07 March 2023,"Rp15,359.00",06 March 2023,-15359
3,2023,08 March 2023,"Rp15,451.00",07 March 2023,-15451
3,2023,09 March 2023,"Rp15,438.00",07 March 2023,-15438
3,2023,10 March 2023,"Rp15,468.00",09 March 2023,-15468
3,2023,13 March 2023,"Rp15,374.00",07 March 2023,-15374
3,2023,14 March 2023,"Rp15,380.00",13 March 2023,-15380
3,2023,15 March 2023,"Rp15,365.00",07 March 2023,-15365
3,2023,16 March 2023,"Rp15,418.00",15 March 2023,-15418
3,2023,17 March 2023,"Rp15,364.00",07 March 2023,-15364
3,2023,20 March 2023,"Rp15,372.00",17 March 2023,-15372
3,2023,21 March 2023,"Rp15,349.00",06 March 2023,-15349
3,2023,24 March 2023,"Rp15,189.00",23 February 2023,-15189
3,2023,27 March 2023,"Rp15,174.00",20 February 2023,-15174
3,2023,28 March 2023,"Rp15,088.00",06 February 2023,-15088
3,2023,29 March 2023,"Rp15,094.00",28 March 2023,-15094
3,2023,30 March 2023,"Rp15,062.00",06 February 2023,-15062
3,2023,31 March 2023,"Rp14,977.00",03 February 2023,-14977
4,2023,03 April 2023,"Rp14,990.00",31 March 2023,-14990
4,2023,04 April 2023,"Rp14,913.00",03 February 2023,-14913
4,2023,05 April 2023,"Rp14,933.00",04 April 2023,-14933
4,2023,06 April 2023,"Rp14,943.00",05 April 2023,-14943
4,2023,10 April 2023,"Rp14,905.00",03 February 2023,-14905
4,2023,11 April 2023,"Rp14,888.00",02 February 2023,-14888
4,2023,12 April 2023,"Rp14,866.00",13 September 2022,-14866
4,2023,13 April 2023,"Rp14,792.00",16 August 2022,-14792
4,2023,14 April 2023,"Rp14,666.00",10 June 2022,-14666
4,2023,17 April 2023,"Rp14,773.00",14 April 2023,-14773
4,2023,18 April 2023,"Rp14,855.00",17 April 2023,-14855
4,2023,26 April 2023,"Rp14,882.00",18 April 2023,-14882
4,2023,27 April 2023,"Rp14,751.00",14 April 2023,-14751
4,2023,28 April 2023,"Rp14,661.00",10 June 2022,-14661
5,2023,02 May 2023,"Rp14,703.00",28 April 2023,-14703
5,2023,03 May 2023,"Rp14,706.00",02 May 2023,-14706
5,2023,04 May 2023,"Rp14,632.00",10 June 2022,-14632
5,2023,05 May 2023,"Rp14,674.00",04 May 2023,-14674
5,2023,08 May 2023,"Rp14,709.00",05 May 2023,-14709
5,2023,09 May 2023,"Rp14,757.00",08 May 2023,-14757
5,2023,10 May 2023,"Rp14,746.00",08 May 2023,-14746
5,2023,11 May 2023,"Rp14,722.00",08 May 2023,-14722
5,2023,12 May 2023,"Rp14,752.00",11 May 2023,-14752
5,2023,15 May 2023,"Rp14,812.00",12 May 2023,-14812
5,2023,16 May 2023,"Rp14,810.00",12 May 2023,-14810
5,2023,17 May 2023,"Rp14,875.00",16 May 2023,-14875
5,2023,19 May 2023,"Rp14,936.00",17 May 2023,-14936
5,2023,22 May 2023,"Rp14,897.00",17 May 2023,-14897
5,2023,23 May 2023,"Rp14,878.00",17 May 2023,-14878
5,2023,24 May 2023,"Rp14,905.00",23 May 2023,-14905
5,2023,25 May 2023,"Rp14,952.00",24 May 2023,-14952
5,2023,26 May 2023,"Rp14,959.00",25 May 2023,-14959
5,2023,29 May 2023,"Rp14,973.00",26 May 2023,-14973
5,2023,30 May 2023,"Rp14,969.00",26 May 2023,-14969
5,2023,31 May 2023,"Rp15,003.00",30 May 2023,-15003
6,2023,05 June 2023,"Rp14,888.00",23 May 2023,-14888
6,2023,06 June 2023,"Rp14,839.00",16 May 2023,-14839
6,2023,07 June 2023,"Rp14,875.00",06 June 2023,-14875
6,2023,08 June 2023,"Rp14,903.00",07 June 2023,-14903
6,2023,09 June 2023,"Rp14,853.00",06 June 2023,-14853
6,2023,12 June 2023,"Rp14,874.00",09 June 2023,-14874
6,2023,13 June 2023,"Rp14,868.00",09 June 2023,-14868
6,2023,14 June 2023,"Rp14,895.00",13 June 2023,-14895
6,2023,15 June 2023,"Rp14,943.00",14 June 2023,-14943
6,2023,16 June 2023,"Rp14,945.00",15 June 2023,-14945
6,2023,19 June 2023,"Rp14,994.00",16 June 2023,-14994
6,2023,20 June 2023,"Rp15,040.00",19 June 2023,-15040
6,2023,21 June 2023,"Rp14,982.00",16 June 2023,-14982
6,2023,22 June 2023,"Rp14,918.00",14 June 2023,-14918
6,2023,23 June 2023,"Rp14,998.00",22 June 2023,-14998
6,2023,26 June 2023,"Rp15,026.00",23 June 2023,-15026
6,2023,27 June 2023,"Rp15,000.00",23 June 2023,-15000
7,2023,03 July 2023,"Rp15,034.00",27 June 2023,-15034
7,2023,04 July 2023,"Rp15,018.00",27 June 2023,-15018
7,2023,05 July 2023,"Rp15,013.00",27 June 2023,-15013
7,2023,06 July 2023,"Rp15,062.00",05 July 2023,-15062
7,2023,07 July 2023,"Rp15,136.00",06 July 2023,-15136
7,2023,10 July 2023,"Rp15,192.00",07 July 2023,-15192
7,2023,11 July 2023,"Rp15,162.00",07 July 2023,-15162
7,2023,12 July 2023,"Rp15,084.00",06 July 2023,-15084
7,2023,13 July 2023,"Rp14,978.00",22 June 2023,-14978
7,2023,14 July 2023,"Rp14,945.00",22 June 2023,-14945
7,2023,17 July 2023,"Rp15,007.00",14 July 2023,-15007
7,2023,18 July 2023,"Rp14,994.00",14 July 2023,-14994
7,2023,20 July 2023,"Rp14,991.00",14 July 2023,-14991
7,2023,21 July 2023,"Rp15,026.00",20 July 2023,-15026
7,2023,24 July 2023,"Rp15,028.00",21 July 2023,-15028
7,2023,25 July 2023,"Rp15,007.00",20 July 2023,-15007
7,2023,26 July 2023,"Rp15,032.00",25 July 2023,-15032
7,2023,27 July 2023,"Rp15,003.00",20 July 2023,-15003
7,2023,28 July 2023,"Rp15,083.00",27 July 2023,-15083
7,2023,31 July 2023,"Rp15,092.00",28 July 2023,-15092
8,2023,01 August 2023,"Rp15,117.00",31 July 2023,-15117
8,2023,02 August 2023,"Rp15,171.00",01 August 2023,-15171
8,2023,03 August 2023,"Rp15,198.00",02 August 2023,-15198
8,2023,04 August 2023,"Rp15,168.00",01 August 2023,-15168
8,2023,07 August 2023,"Rp15,178.00",04 August 2023,-15178
8,2023,08 August 2023,"Rp15,229.00",07 August 2023,-15229
8,2023,09 August 2023,"Rp15,206.00",07 August 2023,-15206
8,2023,10 August 2023,"Rp15,204.00",07 August 2023,-15204
8,2023,11 August 2023,"Rp15,225.00",10 August 2023,-15225
8,2023,14 August 2023,"Rp15,323.00",11 August 2023,-15323
8,2023,15 August 2023,"Rp15,346.00",14 August 2023,-15346
8,2023,16 August 2023,"Rp15,308.00",11 August 2023,-15308
8,2023,18 August 2023,"Rp15,308.00",11 August 2023,-15308
8,2023,21 August 2023,"Rp15,329.00",18 August 2023,-15329
8,2023,22 August 2023,"Rp15,326.00",18 August 2023,-15326
8,2023,23 August 2023,"Rp15,319.00",18 August 2023,-15319
8,2023,24 August 2023,"Rp15,253.00",11 August 2023,-15253
8,2023,25 August 2023,"Rp15,297.00",24 August 2023,-15297
8,2023,28 August 2023,"Rp15,294.00",24 August 2023,-15294
8,2023,29 August 2023,"Rp15,263.00",24 August 2023,-15263
8,2023,30 August 2023,"Rp15,239.00",11 August 2023,-15239
8,2023,31 August 2023,"Rp15,237.00",11 August 2023,-15237
9,2023,01 September 2023,"Rp15,252.00",31 August 2023,-15252
9,2023,04 September 2023,"Rp15,247.00",31 August 2023,-15247
9,2023,05 September 2023,"Rp15,260.00",04 September 2023,-15260
9,2023,06 September 2023,"Rp15,307.00",05 September 2023,-15307
9,2023,07 September 2023,"Rp15,334.00",06 September 2023,-15334
9,2023,08 September 2023,"Rp15,341.00",07 September 2023,-15341
9,2023,11 September 2023,"Rp15,352.00",08 September 2023,-15352
9,2023,12 September 2023,"Rp15,344.00",08 September 2023,-15344
9,2023,13 September 2023,"Rp15,367.00",12 September 2023,-15367
9,2023,14 September 2023,"Rp15,357.00",12 September 2023,-15357
9,2023,15 September 2023,"Rp15,367.00",14 September 2023,-15367
9,2023,18 September 2023,"Rp15,373.00",15 September 2023,-15373
9,2023,19 September 2023,"Rp15,381.00",18 September 2023,-15381
9,2023,20 September 2023,"Rp15,396.00",19 September 2023,-15396
9,2023,21 September 2023,"Rp15,397.00",20 September 2023,-15397
9,2023,22 September 2023,"Rp15,383.00",19 September 2023,-15383
9,2023,25 September 2023,"Rp15,399.00",22 September 2023,-15399
9,2023,26 September 2023,"Rp15,464.00",25 September 2023,-15464
9,2023,27 September 2023,"Rp15,526.00",26 September 2023,-15526
9,2023,29 September 2023,"Rp15,487.00",26 September 2023,-15487
10,2023,02 October 2023,"Rp15,519.00",29 September 2023,-15519
10,2023,03 October 2023,"Rp15,600.00",02 October 2023,-15600
10,2023,04 October 2023,"Rp15,636.00",03 October 2023,-15636
10,2023,05 October 2023,"Rp15,601.00",03 October 2023,-15601
10,2023,06 October 2023,"Rp15,628.00",05 October 2023,-15628
10,2023,09 October 2023,"Rp15,675.00",06 October 2023,-15675
10,2023,10 October 2023,"Rp15,708.00",09 October 2023,-15708
10,2023,11 October 2023,"Rp15,710.00",10 October 2023,-15710
10,2023,12 October 2023,"Rp15,702.00",09 October 2023,-15702
10,2023,13 October 2023,"Rp15,709.00",12 October 2023,-15709
10,2023,16 October 2023,"Rp15,716.00",13 October 2023,-15716
10,2023,17 October 2023,"Rp15,718.00",16 October 2023,-15718
10,2023,18 October 2023,"Rp15,731.00",17 October 2023,-15731
10,2023,19 October 2023,"Rp15,838.00",18 October 2023,-15838
10,2023,20 October 2023,"Rp15,856.00",19 October 2023,-15856
10,2023,23 October 2023,"Rp15,943.00",20 October 2023,-15943
10,2023,24 October 2023,"Rp15,869.00",20 October 2023,-15869
10,2023,25 October 2023,"Rp15,871.00",24 October 2023,-15871
10,2023,26 October 2023,"Rp15,933.00",25 October 2023,-15933
10,2023,27 October 2023,"Rp15,941.00",26 October 2023,-15941
10,2023,30 October 2023,"Rp15,916.00",25 October 2023,-15916
10,2023,31 October 2023,"Rp15,897.00",25 October 2023,-15897
11,2023,01 November 2023,"Rp15,946.00",31 October 2023,-15946
11,2023,02 November 2023,"Rp15,861.00",20 October 2023,-15861
11,2023,03 November 2023,"Rp15,771.00",18 October 2023,-15771
11,2023,06 November 2023,"Rp15,550.00",02 October 2023,-15550
11,2023,07 November 2023,"Rp15,593.00",06 November 2023,-15593
11,2023,08 November 2023,"Rp15,629.00",07 November 2023,-15629
11,2023,09 November 2023,"Rp15,649.00",08 November 2023,-15649
11,2023,10 November 2023,"Rp15,693.00",09 November 2023,-15693
11,2023,13 November 2023,"Rp15,713.00",10 November 2023,-15713
11,2023,14 November 2023,"Rp15,699.00",10 November 2023,-15699
11,2023,15 November 2023,"Rp15,503.00",29 September 2023,-15503
11,2023,16 November 2023,"Rp15,595.00",15 November 2023,-15595
11,2023,17 November 2023,"Rp15,504.00",15 November 2023,-15504
11,2023,20 November 2023,"Rp15,419.00",25 September 2023,-15419
11,2023,21 November 2023,"Rp15,436.00",20 November 2023,-15436
11,2023,22 November 2023,"Rp15,584.00",21 November 2023,-15584
11,2023,23 November 2023,"Rp15,593.00",22 November 2023,-15593
11,2023,24 November 2023,"Rp15,587.00",22 November 2023,-15587
11,2023,27 November 2023,"Rp15,527.00",21 November 2023,-15527
11,2023,28 November 2023,"Rp15,450.00",21 November 2023,-15450
11,2023,29 November 2023,"Rp15,384.00",22 September 2023,-15384
11,2023,30 November 2023,"Rp15,484.00",29 November 2023,-15484
12,2023,01 December 2023,"Rp15,524.00",30 November 2023,-15524
12,2023,04 December 2023,"Rp15,446.00",29 November 2023,-15446
12,2023,05 December 2023,"Rp15,504.00",04 December 2023,-15504
12,2023,06 December 2023,"Rp15,504.00",04 December 2023,-15504
12,2023,07 December 2023,"Rp15,536.00",06 December 2023,-15536
12,2023,08 December 2023,"Rp15,500.00",04 December 2023,-15500
12,2023,11 December 2023,"Rp15,614.00",08 December 2023,-15614
12,2023,12 December 2023,"Rp15,631.00",11 December 2023,-15631
12,2023,13 December 2023,"Rp15,629.00",11 December 2023,-15629
12,2023,14 December 2023,"Rp15,493.00",04 December 2023,-15493
12,2023,15 December 2023,"Rp15,503.00",14 December 2023,-15503
12,2023,18 December 2023,"Rp15,516.00",15 December 2023,-15516
12,2023,19 December 2023,"Rp15,506.00",15 December 2023,-15506
12,2023,20 December 2023,"Rp15,512.00",19 December 2023,-15512
12,2023,21 December 2023,"Rp15,533.00",20 December 2023,-15533
12,2023,22 December 2023,"Rp15,489.00",04 December 2023,-15489
12,2023,27 December 2023,"Rp15,414.00",29 November 2023,-15414
12,2023,28 December 2023,"Rp15,416.00",27 December 2023,-15416
12,2023,29 December 2023,"Rp15,439.00",28 December 2023,-15439
1,2024,02 January 2024,"Rp15,473.00",29 December 2023,-15473
1,2024,03 January 2024,"Rp15,495.00",02 January 2024,-15495
1,2024,04 January 2024,"Rp15,525.00",03 January 2024,-15525
1,2024,05 January 2024,"Rp15,518.00",03 January 2024,-15518
1,2024,08 January 2024,"Rp15,522.00",05 January 2024,-15522
1,2024,09 January 2024,"Rp15,518.00",03 January 2024,-15518
1,2024,10 January 2024,"Rp15,568.00",09 January 2024,-15568
1,2024,11 January 2024,"Rp15,558.00",09 January 2024,-15558
1,2024,12 January 2024,"Rp15,559.00",11 January 2024,-15559
1,2024,15 January 2024,"Rp15,555.00",09 January 2024,-15555
1,2024,16 January 2024,"Rp15,592.00",15 January 2024,-15592
1,2024,17 January 2024,"Rp15,639.00",16 January 2024,-15639
1,2024,18 January 2024,"Rp15,630.00",16 January 2024,-15630
1,2024,19 January 2024,"Rp15,628.00",16 January 2024,-15628
1,2024,22 January 2024,"Rp15,627.00",16 January 2024,-15627
1,2024,23 January 2024,"Rp15,656.00",22 January 2024,-15656
1,2024,24 January 2024,"Rp15,719.00",23 January 2024,-15719
1,2024,25 January 2024,"Rp15,767.00",24 January 2024,-15767
1,2024,26 January 2024,"Rp15,829.00",25 January 2024,-15829
1,2024,29 January 2024,"Rp15,825.00",25 January 2024,-15825
1,2024,30 January 2024,"Rp15,796.00",25 January 2024,-15796
1,2024,31 January 2024,"Rp15,803.00",30 January 2024,-15803
2,2024,01 February 2024,"Rp15,775.00",25 January 2024,-15775
2,2024,02 February 2024,"Rp15,688.00",23 January 2024,-15688
2,2024,05 February 2024,"Rp15,705.00",02 February 2024,-15705
2,2024,06 February 2024,"Rp15,734.00",05 February 2024,-15734
2,2024,07 February 2024,"Rp15,685.00",23 January 2024,-15685
2,2024,12 February 2024,"Rp15,612.00",16 January 2024,-15612
2,2024,13 February 2024,"Rp15,585.00",15 January 2024,-15585
2,2024,15 February 2024,"Rp15,606.00",13 February 2024,-15606
2,2024,16 February 2024,"Rp15,654.00",15 February 2024,-15654
2,2024,19 February 2024,"Rp15,630.00",15 February 2024,-15630
2,2024,20 February 2024,"Rp15,659.00",19 February 2024,-15659
2,2024,21 February 2024,"Rp15,658.00",19 February 2024,-15658
2,2024,22 February 2024,"Rp15,630.00",15 February 2024,-15630
2,2024,23 February 2024,"Rp15,589.00",13 February 2024,-15589
2,2024,26 February 2024,"Rp15,635.00",23 February 2024,-15635
2,2024,27 February 2024,"Rp15,655.00",26 February 2024,-15655
2,2024,28 February 2024,"Rp15,673.00",27 February 2024,-15673
2,2024,29 February 2024,"Rp15,715.00",28 February 2024,-15715
3,2024,01 March 2024,"Rp15,696.00",28 February 2024,-15696
3,2024,04 March 2024,"Rp15,723.00",01 March 2024,-15723
3,2024,05 March 2024,"Rp15,756.00",04 March 2024,-15756
3,2024,06 March 2024,"Rp15,723.00",01 March 2024,-15723
3,2024,07 March 2024,"Rp15,658.00",27 February 2024,-15658
3,2024,08 March 2024,"Rp15,603.00",23 February 2024,-15603
3,2024,13 March 2024,"Rp15,576.00",15 January 2024,-15576
3,2024,14 March 2024,"Rp15,582.00",13 March 2024,-15582
3,2024,15 March 2024,"Rp15,624.00",14 March 2024,-15624
3,2024,18 March 2024,"Rp15,672.00",15 March 2024,-15672
3,2024,19 March 2024,"Rp15,712.00",18 March 2024,-15712
3,2024,20 March 2024,"Rp15,727.00",19 March 2024,-15727
3,2024,21 March 2024,"Rp15,662.00",15 March 2024,-15662
3,2024,22 March 2024,"Rp15,773.00",21 March 2024,-15773
3,2024,25 March 2024,"Rp15,795.00",22 March 2024,-15795
3,2024,26 March 2024,"Rp15,797.00",25 March 2024,-15797
3,2024,27 March 2024,"Rp15,853.00",26 March 2024,-15853
3,2024,28 March 2024,"Rp15,873.00",27 March 2024,-15873
4,2024,01 April 2024,"Rp15,909.00",28 March 2024,-15909
4,2024,02 April 2024,"Rp15,934.00",01 April 2024,-15934
4,2024,03 April 2024,"Rp15,923.00",01 April 2024,-15923
4,2024,04 April 2024,"Rp15,907.00",28 March 2024,-15907
4,2024,05 April 2024,"Rp15,873.00",27 March 2024,-15873
4,2024,16 April 2024,"Rp16,176.00",05 April 2024,-16176
4,2024,17 April 2024,"Rp16,240.00",16 April 2024,-16240
4,2024,18 April 2024,"Rp16,177.00",16 April 2024,-16177
4,2024,19 April 2024,"Rp16,280.00",18 April 2024,-16280
4,2024,22 April 2024,"Rp16,224.00",18 April 2024,-16224
4,2024,23 April 2024,"Rp16,244.00",22 April 2024,-16244
4,2024,24 April 2024,"Rp16,161.00",05 April 2024,-16161
4,2024,25 April 2024,"Rp16,208.00",24 April 2024,-16208
4,2024,26 April 2024,"Rp16,222.00",25 April 2024,-16222
4,2024,29 April 2024,"Rp16,249.00",26 April 2024,-16249
4,2024,30 April 2024,"Rp16,276.00",29 April 2024,-16276
5,2024,02 May 2024,"Rp16,202.00",24 April 2024,-16202
5,2024,03 May 2024,"Rp16,094.00",05 April 2024,-16094
5,2024,06 May 2024,"Rp16,025.00",05 April 2024,-16025
5,2024,07 May 2024,"Rp16,054.00",06 May 2024,-16054
5,2024,08 May 2024,"Rp16,081.00",07 May 2024,-16081
5,2024,13 May 2024,"Rp16,085.00",08 May 2024,-16085
5,2024,14 May 2024,"Rp16,131.00",13 May 2024,-16131
5,2024,15 May 2024,"Rp16,070.00",07 May 2024,-16070
5,2024,16 May 2024,"Rp15,944.00",05 April 2024,-15944
5,2024,17 May 2024,"Rp15,978.00",16 May 2024,-15978
5,2024,20 May 2024,"Rp15,980.00",17 May 2024,-15980
5,2024,21 May 2024,"Rp16,024.00",20 May 2024,-16024
5,2024,22 May 2024,"Rp16,040.70",21 May 2024,-16040.7
5,2024,27-May-2024,"Rp16,064.00",22 May 2024,-16064
5,2024,28-May-2024,"Rp16,095.00",27 May 2024,-16095
5,2024,29-May-2024,"Rp16,160.00",28 May 2024,-16160
5,2024,30-May-2024,"Rp16,253.00",29 May 2024,-16253
5,2024,31-May-2024,"Rp16,251.00",29 May 2024,-16251
6,2024,03-Jun-2024,"Rp16,225.00",29 May 2024,-16225
6,2024,04-Jun-2024,"Rp16,220.00",29 May 2024,-16220
6,2024,05-Jun-2024,"Rp16,282.00",04 June 2024,-16282
6,2024,06-Jun-2024,"Rp16,279.00",04 June 2024,-16279
6,2024,07-Jun-2024,"Rp16,218.00",29 May 2024,-16218
6,2024,10-Jun-2024,"Rp16,290.00",07 June 2024,-16290
6,2024,11-Jun-2024,"Rp16,295.00",10 June 2024,-16295
6,2024,12-Jun-2024,"Rp16,297.00",11 June 2024,-16297
6,2024,13-Jun-2024,"Rp16,286.00",07 June 2024,-16286
6,2024,14-Jun-2024,"Rp16,374.00",13 June 2024,-16374
6,2024,19-Jun-2024,"Rp16,368.00",13 June 2024,-16368
6,2024,20-Jun-2024,"Rp16,420.00",19 June 2024,-16420
6,2024,21-Jun-2024,"Rp16,458.00",20 June 2024,-16458
6,2024,24-Jun-2024,"Rp16,431.00",20 June 2024,-16431
6,2024,25-Jun-2024,"Rp16,379.00",19 June 2024,-16379
6,2024,26-Jun-2024,"Rp16,435.00",25 June 2024,-16435
6,2024,27-Jun-2024,"Rp16,421.00",25 June 2024,-16421
6,2024,28-Jun-2024,"Rp16,394.00",25 June 2024,-16394
7,2024,01-Jul-2024,"Rp16,355.00",13 June 2024,-16355
7,2024,02-Jul-2024,"Rp16,384.00",01 July 2024,-16384
7,2024,03-Jul-2024,"Rp16,387.00",02 July 2024,-16387
7,2024,04-Jul-2024,"Rp16,341.00",13 June 2024,-16341
7,2024,05-Jul-2024,"Rp16,312.00",13 June 2024,-16312
7,2024,08-Jul-2024,"Rp16,265.00",07 June 2024,-16265
7,2024,09-Jul-2024,"Rp16,281.00",08 July 2024,-16281
7,2024,10-Jul-2024,"Rp16,256.00",07 June 2024,-16256
7,2024,11-Jul-2024,"Rp16,200.00",29 May 2024,-16200
7,2024,12-Jul-2024,"Rp16,154.00",28 May 2024,-16154
7,2024,15-Jul-2024,"Rp16,174.00",12 July 2024,-16174
7,2024,16-Jul-2024,"Rp16,203.00",15 July 2024,-16203
7,2024,17-Jul-2024,"Rp16,129.00",28 May 2024,-16129
7,2024,18-Jul-2024,"Rp16,160.00",17 July 2024,-16160
7,2024,19-Jul-2024,"Rp16,199.00",18 July 2024,-16199
7,2024,22-Jul-2024,"Rp16,228.00",19 July 2024,-16228
7,2024,23-Jul-2024,"Rp16,204.00",19 July 2024,-16204
7,2024,24-Jul-2024,"Rp16,224.00",23 July 2024,-16224
7,2024,25-Jul-2024,"Rp16,268.00",24 July 2024,-16268
7,2024,26-Jul-2024,"Rp16,294.00",25 July 2024,-16294
7,2024,29-Jul-2024,"Rp16,286.00",25 July 2024,-16286
7,2024,30-Jul-2024,"Rp16,320.00",29 July 2024,-16320
7,2024,31-Jul-2024,"Rp16,294.00",29 July 2024,-16294
8,2024,1-Aug-2024,"Rp16,243.00",24 July 2024,-16243
8,2024,2-Aug-2024,"Rp16,234.00",24 July 2024,-16234
8,2024,5-Aug-2024,"Rp16,154.00",17 July 2024,-16154
8,2024,6-Aug-2024,"Rp16,183.00",05 August 2024,-16183
8,2024,7-Aug-2024,"Rp16,100.00",28 May 2024,-16100
8,2024,8-Aug-2024,"Rp15,952.00",16 May 2024,-15952
8,2024,9-Aug-2024,"Rp15,914.00",05 April 2024,-15914
8,2024,12-Aug-2024,"Rp15,963.00",09 August 2024,-15963
8,2024,13-Aug-2024,"Rp15,885.00",05 April 2024,-15885
8,2024,14-Aug-2024,"Rp15,691.00",21 March 2024,-15691
8,2024,15-Aug-2024,"Rp15,687.00",21 March 2024,-15687
8,2024,16-Aug-2024,"Rp15,716.00",15 August 2024,-15716
8,2024,19-Aug-2024,"Rp15,591.00",14 March 2024,-15591
8,2024,20-Aug-2024,"Rp15,480.00",02 January 2024,-15480
8,2024,21-Aug-2024,"Rp15,456.00",29 December 2023,-15456
8,2024,22-Aug-2024,"Rp15,579.00",21 August 2024,-15579
8,2024,23-Aug-2024,"Rp15,554.00",21 August 2024,-15554
8,2024,26-Aug-2024,"Rp15,380.00",18 September 2023,-15380
8,2024,27-Aug-2024,"Rp15,509.00",26 August 2024,-15509
8,2024,28-Aug-2024,"Rp15,476.00",26 August 2024,-15476
8,2024,29-Aug-2024,"Rp15,409.00",26 August 2024,-15409
8,2024,30-Aug-2024,"Rp15,473.00",29 August 2024,-15473
9,2024,2-Sep-2024,"Rp15,536.00",30 August 2024,-15536
9,2024,3-Sep-2024,"Rp15,557.00",02 September 2024,-15557
9,2024,4-Sep-2024,"Rp15,490.00",30 August 2024,-15490
9,2024,5-Sep-2024,"Rp15,410.00",29 August 2024,-15410
9,2024,6-Sep-2024,"Rp15,372.00",15 September 2023,-15372
9,2024,9-Sep-2024,"Rp15,446.00",06 September 2024,-15446
9,2024,10-Sep-2024,"Rp15,447.00",09 September 2024,-15447
9,2024,11-Sep-2024,"Rp15,415.00",06 September 2024,-15415
9,2024,12-Sep-2024,"Rp15,421.00",11 September 2024,-15421
9,2024,13-Sep-2024,"Rp15,405.00",06 September 2024,-15405
9,2024,17-Sep-2024,"Rp15,338.00",07 September 2023,-15338
9,2024,18-Sep-2024,"Rp15,350.00",17 September 2024,-15350
9,2024,19-Sep-2024,"Rp15,287.00",05 September 2023,-15287
9,2024,20-Sep-2024,"Rp15,100.00",31 July 2023,-15100
9,2024,23-Sep-2024,"Rp15,191.00",20 September 2024,-15191
9,2024,24-Sep-2024,"Rp15,186.00",20 September 2024,-15186
9,2024,25-Sep-2024,"Rp15,092.00",28 July 2023,-15092
9,2024,26-Sep-2024,"Rp15,171.00",25 September 2024,-15171
9,2024,27-Sep-2024,"Rp15,138.00",25 September 2024,-15138
9,2024,30-Sep-2024,"Rp15,144.00",27 September 2024,-15144
10,2024,1-Oct-2024,"Rp15,204.00",30 September 2024,-15204
10,2024,2-Oct-2024,"Rp15,247.00",01 October 2024,-15247
10,2024,3-Oct-2024,"Rp15,394.00",02 October 2024,-15394
10,2024,4-Oct-2024,"Rp15,495.00",03 October 2024,-15495
10,2024,7-Oct-2024,"Rp15,680.00",04 October 2024,-15680
10,2024,8-Oct-2024,"Rp15,671.00",04 October 2024,-15671
10,2024,9-Oct-2024,"Rp15,607.00",04 October 2024,-15607
10,2024,10-Oct-2024,"Rp15,658.00",09 October 2024,-15658
10,2024,11-Oct-2024,"Rp15,609.00",09 October 2024,-15609
10,2024,14-Oct-2024,"Rp15,581.00",04 October 2024,-15581
10,2024,15-Oct-2024,"Rp15,555.00",04 October 2024,-15555
10,2024,16-Oct-2024,"Rp15,536.00",04 October 2024,-15536
10,2024,17-Oct-2024,"Rp15,516.00",04 October 2024,-15516
10,2024,18-Oct-2024,"Rp15,466.00",03 October 2024,-15466
10,2024,21-Oct-2024,"Rp15,465.00",03 October 2024,-15465
10,2024,22-Oct-2024,"Rp15,560.00",21 October 2024,-15560
10,2024,23-Oct-2024,"Rp15,620.00",22 October 2024,-15620
10,2024,24-Oct-2024,"Rp15,593.00",22 October 2024,-15593
10,2024,25-Oct-2024,"Rp15,629.00",24 October 2024,-15629
10,2024,28-Oct-2024,"Rp15,729.00",25 October 2024,-15729
10,2024,29-Oct-2024,"Rp15,760.00",28 October 2024,-15760
10,2024,30-Oct-2024,"Rp15,732.00",28 October 2024,-15732
10,2024,31-Oct-2024,"Rp15,705.00",25 October 2024,-15705
11,2024,1-Nov-2024,"Rp15,723.00",31 October 2024,-15723
11,2024,4-Nov-2024,"Rp15,751.00",01 November 2024,-15751
11,2024,5-Nov-2024,"Rp15,766.00",04 November 2024,-15766
11,2024,6-Nov-2024,"Rp15,840.00",05 November 2024,-15840
11,2024,7-Nov-2024,"Rp15,767.00",05 November 2024,-15767
11,2024,8-Nov-2024,"Rp15,671.00",25 October 2024,-15671
11,2024,11-Nov-2024,"Rp15,677.00",08 November 2024,-15677
11,2024,12-Nov-2024,"Rp15,771.00",11 November 2024,-15771
11,2024,13-Nov-2024,"Rp15,782.00",12 November 2024,-15782
11,2024,14-Nov-2024,"Rp15,873.00",13 November 2024,-15873
11,2024,15-Nov-2024,"Rp15,888.00",14 November 2024,-15888
11,2024,18-Nov-2024,"Rp15,848.00",13 November 2024,-15848
11,2024,19-Nov-2024,"Rp15,816.00",13 November 2024,-15816
11,2024,20-Nov-2024,"Rp15,858.00",19 November 2024,-15858
11,2024,21-Nov-2024,"Rp15,942.00",20 November 2024,-15942
11,2024,22-Nov-2024,"Rp15,911.00",20 November 2024,-15911
11,2024,25-Nov-2024,"Rp15,864.00",20 November 2024,-15864
11,2024,26-Nov-2024,"Rp15,930.00",25 November 2024,-15930
11,2024,28-Nov-2024,"Rp15,864.00",20 November 2024,-15864
11,2024,29-Nov-2024,"Rp15,856.00",19 November 2024,-15856
12,2024,2-Dec-2024,"Rp15,905.00",29 November 2024,-15905
12,2024,3-Dec-2024,"Rp15,950.00",02 December 2024,-15950
12,2024,4-Dec-2024,"Rp15,957.00",03 December 2024,-15957
12,2024,5-Dec-2024,"Rp15,892.00",29 November 2024,-15892
12,2024,6-Dec-2024,"Rp15,848.00",19 November 2024,-15848
12,2024,9-Dec-2024,"Rp15,861.00",06 December 2024,-15861
12,2024,10-Dec-2024,"Rp15,874.00",09 December 2024,-15874
12,2024,11-Dec-2024,"Rp15,905.00",10 December 2024,-15905
12,2024,12-Dec-2024,"Rp15,939.00",11 December 2024,-15939
12,2024,13-Dec-2024,"Rp15,987.00",12 December 2024,-15987
12,2024,16-Dec-2024,"Rp16,019.00",13 December 2024,-16019
12,2024,17-Dec-2024,"Rp16,050.00",16 December 2024,-16050
12,2024,18-Dec-2024,"Rp16,100.00",17 December 2024,-16100
12,2024,19-Dec-2024,"Rp16,277.00",18 December 2024,-16277
12,2024,20-Dec-2024,"Rp16,270.00",18 December 2024,-16270
12,2024,23-Dec-2024,"Rp16,159.00",18 December 2024,-16159
12,2024,24-Dec-2024,"Rp16,208.00",23 December 2024,-16208
12,2024,27-Dec-2024,"Rp16,251.00",24 December 2024,-16251
12,2024,30-Dec-2024,"Rp16,162.00",23 December 2024,-16162
12,2024,31-Dec-2024,"Rp16,157.00",18 December 2024,-16157
1,2025,2-Jan-2025,"Rp16,236.00",31 December 2024,-16236
1,2025,3-Jan-2025,"Rp16,217.00",31 December 2024,-16217
1,2025,6-Jan-2025,"Rp16,193.00",31 December 2024,-16193
1,2025,7-Jan-2025,"Rp16,169.00",31 December 2024,-16169
1,2025,8-Jan-2025,"Rp16,201.00",07 January 2025,-16201
1,2025,9-Jan-2025,"Rp16,238.00",08 January 2025,-16238
1,2025,10-Jan-2025,"Rp16,194.00",07 January 2025,-16194
1,2025,13-Jan-2025,"Rp16,281.00",10 January 2025,-16281
1,2025,14-Jan-2025,"Rp16,265.00",10 January 2025,-16265
1,2025,15-Jan-2025,"Rp16,311.00",14 January 2025,-16311
1,2025,16-Jan-2025,"Rp16,378.00",15 January 2025,-16378
1,2025,17-Jan-2025,"Rp16,373.00",15 January 2025,-16373
1,2025,20-Jan-2025,"Rp16,372.00",15 January 2025,-16372
1,2025,21-Jan-2025,"Rp16,331.00",15 January 2025,-16331
1,2025,22-Jan-2025,"Rp16,327.00",15 January 2025,-16327
1,2025,23-Jan-2025,"Rp16,276.00",14 January 2025,-16276
1,2025,24-Jan-2025,"Rp16,200.00",10 January 2025,-16200
1,2025,30-Jan-2025,"Rp16,259.00",24 January 2025,-16259
1,2025,31-Jan-2025,"Rp16,312.00",30 January 2025,-16312
2,2025,3-Feb-2025,"Rp16,453.00",31 January 2025,-16453
2,2025,4-Feb-2025,"Rp16,365.00",31 January 2025,-16365
2,2025,5-Feb-2025,"Rp16,308.00",30 January 2025,-16308
2,2025,6-Feb-2025,"Rp16,330.00",05 February 2025,-16330
2,2025,7-Feb-2025,"Rp16,325.00",05 February 2025,-16325
2,2025,10-Feb-2025,"Rp16,350.00",07 February 2025,-16350
2,2025,11-Feb-2025,"Rp16,380.00",10 February 2025,-16380
2,2025,12-Feb-2025,"Rp16,364.00",10 February 2025,-16364
2,2025,13-Feb-2025,"Rp16,365.00",12 February 2025,-16365
2,2025,14-Feb-2025,"Rp16,285.00",30 January 2025,-16285
2,2025,17-Feb-2025,"Rp16,208.00",24 January 2025,-16208
2,2025,18-Feb-2025,"Rp16,275.00",17 February 2025,-16275
2,2025,19-Feb-2025,"Rp16,357.00",18 February 2025,-16357
2,2025,20-Feb-2025,"Rp16,344.00",18 February 2025,-16344
2,2025,21-Feb-2025,"Rp16,300.00",18 February 2025,-16300
2,2025,24-Feb-2025,"Rp16,303.00",21 February 2025,-16303
2,2025,25-Feb-2025,"Rp16,316.00",24 February 2025,-16316
2,2025,26-Feb-2025,"Rp16,387.00",25 February 2025,-16387
2,2025,27-Feb-2025,"Rp16,431.00",26 February 2025,-16431
2,2025,28-Feb-2025,"Rp16,575.00",27 February 2025,-16575
3,2025,3-Mar-2025,"Rp16,506.00",27 February 2025,-16506
3,2025,4-Mar-2025,"Rp16,443.00",27 February 2025,-16443
3,2025,5-Mar-2025,"Rp16,371.00",25 February 2025,-16371
3,2025,6-Mar-2025,"Rp16,315.00",24 February 2025,-16315
3,2025,7-Mar-2025,"Rp16,336.00",06 March 2025,-16336
3,2025,10-Mar-2025,"Rp16,326.00",06 March 2025,-16326
3,2025,11-Mar-2025,"Rp16,430.00",10 March 2025,-16430
3,2025,12-Mar-2025,"Rp16,453.00",11 March 2025,-16453
3,2025,13-Mar-2025,"Rp16,428.00",10 March 2025,-16428
3,2025,14-Mar-2025,"Rp16,392.00",10 March 2025,-16392
3,2025,17-Mar-2025,"Rp16,379.00",10 March 2025,-16379
3,2025,18-Mar-2025,"Rp16,432.00",17 March 2025,-16432
3,2025,19-Mar-2025,"Rp16,528.00",18 March 2025,-16528
3,2025,20-Mar-2025,"Rp16,481.00",18 March 2025,-16481
3,2025,21-Mar-2025,"Rp16,501.00",20 March 2025,-16501
3,2025,24-Mar-2025,"Rp16,561.00",21 March 2025,-16561
3,2025,25-Mar-2025,"Rp16,622.00",24 March 2025,-16622
3,2025,26-Mar-2025,"Rp16,588.00",24 March 2025,-16588
3,2025,27-Mar-2025,"Rp16,566.00",24 March 2025,-16566
4,2025,8-Apr-2025,"Rp16,849.00",27 March 2025,-16849
4,2025,9-Apr-2025,"Rp16,943.00",08 April 2025,-16943
4,2025,10-Apr-2025,"Rp16,779.00",27 March 2025,-16779
4,2025,11-Apr-2025,"Rp16,805.00",10 April 2025,-16805
4,2025,14-Apr-2025,"Rp16,773.00",27 March 2025,-16773
4,2025,15-Apr-2025,"Rp16,815.00",14 April 2025,-16815
4,2025,16-Apr-2025,"Rp16,845.00",15 April 2025,-16845
4,2025,17-Apr-2025,"Rp16,833.00",15 April 2025,-16833
4,2025,21-Apr-2025,"Rp16,808.00",14 April 2025,-16808
4,2025,22-Apr-2025,"Rp16,862.00",21 April 2025,-16862
4,2025,23-Apr-2025,"Rp16,880.00",22 April 2025,-16880
4,2025,24-Apr-2025,"Rp16,884.00",23 April 2025,-16884
4,2025,25-Apr-2025,"Rp16,829.00",21 April 2025,-16829
4,2025,28-Apr-2025,"Rp16,862.00",25 April 2025,-16862
4,2025,29-Apr-2025,"Rp16,787.00",14 April 2025,-16787
4,2025,30-Apr-2025,"Rp16,679.00",27 March 2025,-16679
5,2025,2-May-2025,"Rp16,493.00",20 March 2025,-16493
5,2025,5-May-2025,"Rp16,421.00",17 March 2025,-16421
5,2025,6-May-2025,"Rp16,472.00",05 May 2025,-16472
5,2025,7-May-2025,"Rp16,533.00",06 May 2025,-16533
5,2025,8-May-2025,"Rp16,497.00",06 May 2025,-16497
5,2025,9-May-2025,"Rp16,532.00",08 May 2025,-16532
5,2025,14-May-2025,"Rp16,568.00",09 May 2025,-16568
5,2025,15-May-2025,"Rp16,535.00",09 May 2025,-16535
5,2025,16-May-2025,"Rp16,424.00",05 May 2025,-16424
5,2025,19-May-2025,"Rp16,455.00",16 May 2025,-16455
5,2025,20-May-2025,"Rp16,406.00",17 March 2025,-16406
5,2025,21-May-2025,"Rp16,413.00",20 May 2025,-16413
5,2025,22-May-2025,"Rp16,313.00",24 February 2025,-16313
5,2025,23-May-2025,"Rp16,289.00",18 February 2025,-16289
5,2025,26-May-2025,"Rp16,207.00",24 January 2025,-16207
5,2025,27-May-2025,"Rp16,255.00",26 May 2025,-16255
5,2025,28-May-2025,"Rp16,300.00",27 May 2025,-16300
6,2025,2-Jun-2025,"Rp16,297.00",27 May 2025,-16297
6,2025,3-Jun-2025,"Rp16,288.00",27 May 2025,-16288
6,2025,4-Jun-2025,"Rp16,305.00",03 June 2025,-16305
6,2025,5-Jun-2025,"Rp16,277.00",27 May 2025,-16277
6,2025,10-Jun-2025,"Rp16,276.00",27 May 2025,-16276
6,2025,11-Jun-2025,"Rp16,265.00",27 May 2025,-16265
6,2025,12-Jun-2025,"Rp16,237.00",26 May 2025,-16237
6,2025,13-Jun-2025,"Rp16,293.00",12 June 2025,-16293
6,2025,16-Jun-2025,"Rp16,296.00",13 June 2025,-16296
6,2025,17-Jun-2025,"Rp16,281.00",12 June 2025,-16281
6,2025,18-Jun-2025,"Rp16,319.00",17 June 2025,-16319
6,2025,19-Jun-2025,"Rp16,378.00",18 June 2025,-16378
6,2025,20-Jun-2025,"Rp16,399.00",19 June 2025,-16399
6,2025,23-Jun-2025,"Rp16,484.00",20 June 2025,-16484
6,2025,24-Jun-2025,"Rp16,370.00",18 June 2025,-16370
6,2025,25-Jun-2025,"Rp16,292.00",17 June 2025,-16292
6,2025,26-Jun-2025,"Rp16,233.00",26 May 2025,-16233
6,2025,30-Jun-2025,"Rp16,231.00",26 May 2025,-16231
7,2025,1-Jul-2025,"Rp16,192.00",07 January 2025,-16192
7,2025,2-Jul-2025,"Rp16,236.00",01 July 2025,-16236
7,2025,3-Jul-2025,"Rp16,209.00",01 July 2025,-16209
7,2025,4-Jul-2025,"Rp16,204.00",01 July 2025,-16204
7,2025,7-Jul-2025,"Rp16,237.00",04 July 2025,-16237
7,2025,8-Jul-2025,"Rp16,238.00",07 July 2025,-16238
7,2025,9-Jul-2025,"Rp16,254.00",08 July 2025,-16254
7,2025,10-Jul-2025,"Rp16,220.00",04 July 2025,-16220
7,2025,11-Jul-2025,"Rp16,221.00",10 July 2025,-16221
7,2025,14-Jul-2025,"Rp16,247.00",11 July 2025,-16247
7,2025,15-Jul-2025,"Rp16,281.00",14 July 2025,-16281
7,2025,16-Jul-2025,"Rp16,288.00",15 July 2025,-16288
7,2025,17-Jul-2025,"Rp16,329.00",16 July 2025,-16329
7,2025,18-Jul-2025,"Rp16,301.00",16 July 2025,-16301
7,2025,21-Jul-2025,"Rp16,330.00",18 July 2025,-16330
7,2025,22-Jul-2025,"Rp16,307.00",18 July 2025,-16307
7,2025,23-Jul-2025,"Rp16,298.00",16 July 2025,-16298
7,2025,24-Jul-2025,"Rp16,283.00",15 July 2025,-16283
7,2025,25-Jul-2025,"Rp16,325.00",24 July 2025,-16325
7,2025,28-Jul-2025,"Rp16,341.00",25 July 2025,-16341
7,2025,29-Jul-2025,"Rp16,399.00",28 July 2025,-16399
7,2025,30-Jul-2025,"Rp16,387.00",28 July 2025,-16387
7,2025,31-Jul-2025,"Rp16,459.00",30 July 2025,-16459
8,2025,1-Aug-2025,"Rp16,494.00",31 July 2025,-16494
8,2025,4-Aug-2025,"Rp16,388.00",30 July 2025,-16388
8,2025,5-Aug-2025,"Rp16,388.00",30 July 2025,-16388
8,2025,6-Aug-2025,"Rp16,379.00",28 July 2025,-16379
8,2025,7-Aug-2025,"Rp16,312.00",24 July 2025,-16312
8,2025,8-Aug-2025,"Rp16,299.00",24 July 2025,-16299
8,2025,11-Aug-2025,"Rp16,253.00",14 July 2025,-16253
8,2025,12-Aug-2025,"Rp16,298.00",11 August 2025,-16298
8,2025,13-Aug-2025,"Rp16,237.00",11 July 2025,-16237
8,2025,14-Aug-2025,"Rp16,109.00",18 December 2024,-16109
8,2025,15-Aug-2025,"Rp16,162.00",14 August 2025,-16162
8,2025,19-Aug-2025,"Rp16,241.00",15 August 2025,-16241
8,2025,20-Aug-2025,"Rp16,291.00",19 August 2025,-16291
8,2025,21-Aug-2025,"Rp16,283.00",19 August 2025,-16283